id,kode_provinsi,nama_provinsi,kode_kabupaten_kota,nama_kabupaten_kota,status_kawin,jumlah_penduduk,satuan,tahun
1,32,JAWA BARAT,3201,KABUPATEN BOGOR,BELUM KAWIN,1367134,JIWA,2013
2,32,JAWA BARAT,3201,KABUPATEN BOGOR,CERAI HIDUP,61155,JIWA,2013
3,32,JAWA BARAT,3201,KABUPATEN BOGOR,CERAI MATI,99447,JIWA,2013
4,32,JAWA BARAT,3201,KABUPATEN BOGOR,KAWIN,2230128,JIWA,2013
5,32,JAWA BARAT,3202,KABUPATEN SUKABUMI,BELUM KAWIN,945917,JIWA,2013
6,32,JAWA BARAT,3202,KABUPATEN SUKABUMI,CERAI HIDUP,55780,JIWA,2013
7,32,JAWA BARAT,3202,KABUPATEN SUKABUMI,CERAI MATI,79143,JIWA,2013
8,32,JAWA BARAT,3202,KABUPATEN SUKABUMI,KAWIN,1349200,JIWA,2013
9,32,JAWA BARAT,3203,KABUPATEN CIANJUR,BELUM KAWIN,862205,JIWA,2013
10,32,JAWA BARAT,3203,KABUPATEN CIANJUR,CERAI HIDUP,51948,JIWA,2013
11,32,JAWA BARAT,3203,KABUPATEN CIANJUR,CERAI MATI,65796,JIWA,2013
12,32,JAWA BARAT,3203,KABUPATEN CIANJUR,KAWIN,1230211,JIWA,2013
13,32,JAWA BARAT,3204,KABUPATEN BANDUNG,BELUM KAWIN,1593596,JIWA,2013
14,32,JAWA BARAT,3204,KABUPATEN BANDUNG,CERAI HIDUP,58085,JIWA,2013
15,32,JAWA BARAT,3204,KABUPATEN BANDUNG,CERAI MATI,70626,JIWA,2013
16,32,JAWA BARAT,3204,KABUPATEN BANDUNG,KAWIN,1754113,JIWA,2013
17,32,JAWA BARAT,3205,KABUPATEN GARUT,BELUM KAWIN,913724,JIWA,2013
18,32,JAWA BARAT,3205,KABUPATEN GARUT,CERAI HIDUP,28264,JIWA,2013
19,32,JAWA BARAT,3205,KABUPATEN GARUT,CERAI MATI,62229,JIWA,2013
20,32,JAWA BARAT,3205,KABUPATEN GARUT,KAWIN,1173130,JIWA,2013
21,32,JAWA BARAT,3206,KABUPATEN TASIKMALAYA,BELUM KAWIN,602567,JIWA,2013
22,32,JAWA BARAT,3206,KABUPATEN TASIKMALAYA,CERAI HIDUP,40739,JIWA,2013
23,32,JAWA BARAT,3206,KABUPATEN TASIKMALAYA,CERAI MATI,48594,JIWA,2013
24,32,JAWA BARAT,3206,KABUPATEN TASIKMALAYA,KAWIN,945613,JIWA,2013
25,32,JAWA BARAT,3207,KABUPATEN CIAMIS,BELUM KAWIN,601675,JIWA,2013
26,32,JAWA BARAT,3207,KABUPATEN CIAMIS,CERAI HIDUP,23951,JIWA,2013
27,32,JAWA BARAT,3207,KABUPATEN CIAMIS,CERAI MATI,73735,JIWA,2013
28,32,JAWA BARAT,3207,KABUPATEN CIAMIS,KAWIN,897199,JIWA,2013
29,32,JAWA BARAT,3208,KABUPATEN KUNINGAN,BELUM KAWIN,446892,JIWA,2013
30,32,JAWA BARAT,3208,KABUPATEN KUNINGAN,CERAI HIDUP,14899,JIWA,2013
31,32,JAWA BARAT,3208,KABUPATEN KUNINGAN,CERAI MATI,49061,JIWA,2013
32,32,JAWA BARAT,3208,KABUPATEN KUNINGAN,KAWIN,599772,JIWA,2013
33,32,JAWA BARAT,3209,KABUPATEN CIREBON,BELUM KAWIN,889034,JIWA,2013
34,32,JAWA BARAT,3209,KABUPATEN CIREBON,CERAI HIDUP,25503,JIWA,2013
35,32,JAWA BARAT,3209,KABUPATEN CIREBON,CERAI MATI,74873,JIWA,2013
36,32,JAWA BARAT,3209,KABUPATEN CIREBON,KAWIN,1060825,JIWA,2013
37,32,JAWA BARAT,3210,KABUPATEN MAJALENGKA,BELUM KAWIN,467531,JIWA,2013
38,32,JAWA BARAT,3210,KABUPATEN MAJALENGKA,CERAI HIDUP,24815,JIWA,2013
39,32,JAWA BARAT,3210,KABUPATEN MAJALENGKA,CERAI MATI,47420,JIWA,2013
40,32,JAWA BARAT,3210,KABUPATEN MAJALENGKA,KAWIN,696621,JIWA,2013
41,32,JAWA BARAT,3211,KABUPATEN SUMEDANG,BELUM KAWIN,406206,JIWA,2013
42,32,JAWA BARAT,3211,KABUPATEN SUMEDANG,CERAI HIDUP,18480,JIWA,2013
43,32,JAWA BARAT,3211,KABUPATEN SUMEDANG,CERAI MATI,40182,JIWA,2013
44,32,JAWA BARAT,3211,KABUPATEN SUMEDANG,KAWIN,633557,JIWA,2013
45,32,JAWA BARAT,3212,KABUPATEN INDRAMAYU,BELUM KAWIN,712761,JIWA,2013
46,32,JAWA BARAT,3212,KABUPATEN INDRAMAYU,CERAI HIDUP,20282,JIWA,2013
47,32,JAWA BARAT,3212,KABUPATEN INDRAMAYU,CERAI MATI,96084,JIWA,2013
48,32,JAWA BARAT,3212,KABUPATEN INDRAMAYU,KAWIN,994716,JIWA,2013
49,32,JAWA BARAT,3213,KABUPATEN SUBANG,BELUM KAWIN,503495,JIWA,2013
50,32,JAWA BARAT,3213,KABUPATEN SUBANG,CERAI HIDUP,35163,JIWA,2013
51,32,JAWA BARAT,3213,KABUPATEN SUBANG,CERAI MATI,58758,JIWA,2013
52,32,JAWA BARAT,3213,KABUPATEN SUBANG,KAWIN,938100,JIWA,2013
53,32,JAWA BARAT,3214,KABUPATEN PURWAKARTA,BELUM KAWIN,344231,JIWA,2013
54,32,JAWA BARAT,3214,KABUPATEN PURWAKARTA,CERAI HIDUP,13352,JIWA,2013
55,32,JAWA BARAT,3214,KABUPATEN PURWAKARTA,CERAI MATI,36648,JIWA,2013
56,32,JAWA BARAT,3214,KABUPATEN PURWAKARTA,KAWIN,450271,JIWA,2013
57,32,JAWA BARAT,3215,KABUPATEN KARAWANG,BELUM KAWIN,649978,JIWA,2013
58,32,JAWA BARAT,3215,KABUPATEN KARAWANG,CERAI HIDUP,30262,JIWA,2013
59,32,JAWA BARAT,3215,KABUPATEN KARAWANG,CERAI MATI,67957,JIWA,2013
60,32,JAWA BARAT,3215,KABUPATEN KARAWANG,KAWIN,1141471,JIWA,2013
61,32,JAWA BARAT,3216,KABUPATEN BEKASI,BELUM KAWIN,1075700,JIWA,2013
62,32,JAWA BARAT,3216,KABUPATEN BEKASI,CERAI HIDUP,22374,JIWA,2013
63,32,JAWA BARAT,3216,KABUPATEN BEKASI,CERAI MATI,53661,JIWA,2013
64,32,JAWA BARAT,3216,KABUPATEN BEKASI,KAWIN,1329631,JIWA,2013
65,32,JAWA BARAT,3217,KABUPATEN BANDUNG BARAT,BELUM KAWIN,624203,JIWA,2013
66,32,JAWA BARAT,3217,KABUPATEN BANDUNG BARAT,CERAI HIDUP,35409,JIWA,2013
67,32,JAWA BARAT,3217,KABUPATEN BANDUNG BARAT,CERAI MATI,29015,JIWA,2013
68,32,JAWA BARAT,3217,KABUPATEN BANDUNG BARAT,KAWIN,855717,JIWA,2013
69,32,JAWA BARAT,3218,KABUPATEN PANGANDARAN,BELUM KAWIN,422116,JIWA,2013
70,32,JAWA BARAT,3218,KABUPATEN PANGANDARAN,CERAI HIDUP,20656,JIWA,2013
71,32,JAWA BARAT,3218,KABUPATEN PANGANDARAN,CERAI MATI,23276,JIWA,2013
72,32,JAWA BARAT,3218,KABUPATEN PANGANDARAN,KAWIN,511998,JIWA,2013
73,32,JAWA BARAT,3271,KOTA BOGOR,BELUM KAWIN,144541,JIWA,2013
74,32,JAWA BARAT,3271,KOTA BOGOR,CERAI HIDUP,7077,JIWA,2013
75,32,JAWA BARAT,3271,KOTA BOGOR,CERAI MATI,13982,JIWA,2013
76,32,JAWA BARAT,3271,KOTA BOGOR,KAWIN,153972,JIWA,2013
77,32,JAWA BARAT,3272,KOTA SUKABUMI,BELUM KAWIN,1093398,JIWA,2013
78,32,JAWA BARAT,3272,KOTA SUKABUMI,CERAI HIDUP,25191,JIWA,2013
79,32,JAWA BARAT,3272,KOTA SUKABUMI,CERAI MATI,80652,JIWA,2013
80,32,JAWA BARAT,3272,KOTA SUKABUMI,KAWIN,1133212,JIWA,2013
81,32,JAWA BARAT,3273,KOTA BANDUNG,BELUM KAWIN,146061,JIWA,2013
82,32,JAWA BARAT,3273,KOTA BANDUNG,CERAI HIDUP,5092,JIWA,2013
83,32,JAWA BARAT,3273,KOTA BANDUNG,CERAI MATI,15264,JIWA,2013
84,32,JAWA BARAT,3273,KOTA BANDUNG,KAWIN,149458,JIWA,2013
85,32,JAWA BARAT,3274,KOTA CIREBON,BELUM KAWIN,1180326,JIWA,2013
86,32,JAWA BARAT,3274,KOTA CIREBON,CERAI HIDUP,11844,JIWA,2013
87,32,JAWA BARAT,3274,KOTA CIREBON,CERAI MATI,43131,JIWA,2013
88,32,JAWA BARAT,3274,KOTA CIREBON,KAWIN,1135394,JIWA,2013
89,32,JAWA BARAT,3275,KOTA BEKASI,BELUM KAWIN,790179,JIWA,2013
90,32,JAWA BARAT,3275,KOTA BEKASI,CERAI HIDUP,9799,JIWA,2013
91,32,JAWA BARAT,3275,KOTA BEKASI,CERAI MATI,51251,JIWA,2013
92,32,JAWA BARAT,3275,KOTA BEKASI,KAWIN,778818,JIWA,2013
93,32,JAWA BARAT,3276,KOTA DEPOK,BELUM KAWIN,228942,JIWA,2013
94,32,JAWA BARAT,3276,KOTA DEPOK,CERAI HIDUP,8151,JIWA,2013
95,32,JAWA BARAT,3276,KOTA DEPOK,CERAI MATI,17181,JIWA,2013
96,32,JAWA BARAT,3276,KOTA DEPOK,KAWIN,257646,JIWA,2013
97,32,JAWA BARAT,3277,KOTA CIMAHI,BELUM KAWIN,305346,JIWA,2013
98,32,JAWA BARAT,3277,KOTA CIMAHI,CERAI HIDUP,11495,JIWA,2013
99,32,JAWA BARAT,3277,KOTA CIMAHI,CERAI MATI,26163,JIWA,2013
100,32,JAWA BARAT,3277,KOTA CIMAHI,KAWIN,333875,JIWA,2013
101,32,JAWA BARAT,3278,KOTA TASIKMALAYA,BELUM KAWIN,75295,JIWA,2013
102,32,JAWA BARAT,3278,KOTA TASIKMALAYA,CERAI HIDUP,4186,JIWA,2013
103,32,JAWA BARAT,3278,KOTA TASIKMALAYA,CERAI MATI,9755,JIWA,2013
104,32,JAWA BARAT,3278,KOTA TASIKMALAYA,KAWIN,97947,JIWA,2013
105,32,JAWA BARAT,3201,KABUPATEN BOGOR,BELUM KAWIN,1879836,JIWA,2014
106,32,JAWA BARAT,3201,KABUPATEN BOGOR,CERAI HIDUP,43765,JIWA,2014
107,32,JAWA BARAT,3201,KABUPATEN BOGOR,CERAI MATI,84164,JIWA,2014
108,32,JAWA BARAT,3201,KABUPATEN BOGOR,KAWIN,1819944,JIWA,2014
109,32,JAWA BARAT,3202,KABUPATEN SUKABUMI,BELUM KAWIN,1121715,JIWA,2014
110,32,JAWA BARAT,3202,KABUPATEN SUKABUMI,CERAI HIDUP,50013,JIWA,2014
111,32,JAWA BARAT,3202,KABUPATEN SUKABUMI,CERAI MATI,72366,JIWA,2014
112,32,JAWA BARAT,3202,KABUPATEN SUKABUMI,KAWIN,1194295,JIWA,2014
113,32,JAWA BARAT,3203,KABUPATEN CIANJUR,BELUM KAWIN,987213,JIWA,2014
114,32,JAWA BARAT,3203,KABUPATEN CIANJUR,CERAI HIDUP,46250,JIWA,2014
115,32,JAWA BARAT,3203,KABUPATEN CIANJUR,CERAI MATI,62622,JIWA,2014
116,32,JAWA BARAT,3203,KABUPATEN CIANJUR,KAWIN,1119749,JIWA,2014
117,32,JAWA BARAT,3204,KABUPATEN BANDUNG,BELUM KAWIN,1652392,JIWA,2014
118,32,JAWA BARAT,3204,KABUPATEN BANDUNG,CERAI HIDUP,54765,JIWA,2014
119,32,JAWA BARAT,3204,KABUPATEN BANDUNG,CERAI MATI,75749,JIWA,2014
120,32,JAWA BARAT,3204,KABUPATEN BANDUNG,KAWIN,1709450,JIWA,2014
121,32,JAWA BARAT,3205,KABUPATEN GARUT,BELUM KAWIN,1059753,JIWA,2014
122,32,JAWA BARAT,3205,KABUPATEN GARUT,CERAI HIDUP,25562,JIWA,2014
123,32,JAWA BARAT,3205,KABUPATEN GARUT,CERAI MATI,57983,JIWA,2014
124,32,JAWA BARAT,3205,KABUPATEN GARUT,KAWIN,1042094,JIWA,2014
125,32,JAWA BARAT,3206,KABUPATEN TASIKMALAYA,BELUM KAWIN,716187,JIWA,2014
126,32,JAWA BARAT,3206,KABUPATEN TASIKMALAYA,CERAI HIDUP,35086,JIWA,2014
127,32,JAWA BARAT,3206,KABUPATEN TASIKMALAYA,CERAI MATI,45635,JIWA,2014
128,32,JAWA BARAT,3206,KABUPATEN TASIKMALAYA,KAWIN,844879,JIWA,2014
129,32,JAWA BARAT,3207,KABUPATEN CIAMIS,BELUM KAWIN,497888,JIWA,2014
130,32,JAWA BARAT,3207,KABUPATEN CIAMIS,CERAI HIDUP,16712,JIWA,2014
131,32,JAWA BARAT,3207,KABUPATEN CIAMIS,CERAI MATI,56049,JIWA,2014
132,32,JAWA BARAT,3207,KABUPATEN CIAMIS,KAWIN,632551,JIWA,2014
133,32,JAWA BARAT,3208,KABUPATEN KUNINGAN,BELUM KAWIN,493573,JIWA,2014
134,32,JAWA BARAT,3208,KABUPATEN KUNINGAN,CERAI HIDUP,13295,JIWA,2014
135,32,JAWA BARAT,3208,KABUPATEN KUNINGAN,CERAI MATI,45494,JIWA,2014
136,32,JAWA BARAT,3208,KABUPATEN KUNINGAN,KAWIN,560610,JIWA,2014
137,32,JAWA BARAT,3209,KABUPATEN CIREBON,BELUM KAWIN,936006,JIWA,2014
138,32,JAWA BARAT,3209,KABUPATEN CIREBON,CERAI HIDUP,24745,JIWA,2014
139,32,JAWA BARAT,3209,KABUPATEN CIREBON,CERAI MATI,73438,JIWA,2014
140,32,JAWA BARAT,3209,KABUPATEN CIREBON,KAWIN,1021591,JIWA,2014
141,32,JAWA BARAT,3210,KABUPATEN MAJALENGKA,BELUM KAWIN,520542,JIWA,2014
142,32,JAWA BARAT,3210,KABUPATEN MAJALENGKA,CERAI HIDUP,22064,JIWA,2014
143,32,JAWA BARAT,3210,KABUPATEN MAJALENGKA,CERAI MATI,44879,JIWA,2014
144,32,JAWA BARAT,3210,KABUPATEN MAJALENGKA,KAWIN,652140,JIWA,2014
145,32,JAWA BARAT,3211,KABUPATEN SUMEDANG,BELUM KAWIN,441726,JIWA,2014
146,32,JAWA BARAT,3211,KABUPATEN SUMEDANG,CERAI HIDUP,17042,JIWA,2014
147,32,JAWA BARAT,3211,KABUPATEN SUMEDANG,CERAI MATI,38782,JIWA,2014
148,32,JAWA BARAT,3211,KABUPATEN SUMEDANG,KAWIN,603796,JIWA,2014
149,32,JAWA BARAT,3212,KABUPATEN INDRAMAYU,BELUM KAWIN,700414,JIWA,2014
150,32,JAWA BARAT,3212,KABUPATEN INDRAMAYU,CERAI HIDUP,22099,JIWA,2014
151,32,JAWA BARAT,3212,KABUPATEN INDRAMAYU,CERAI MATI,99598,JIWA,2014
152,32,JAWA BARAT,3212,KABUPATEN INDRAMAYU,KAWIN,1001646,JIWA,2014
153,32,JAWA BARAT,3213,KABUPATEN SUBANG,BELUM KAWIN,622193,JIWA,2014
154,32,JAWA BARAT,3213,KABUPATEN SUBANG,CERAI HIDUP,29282,JIWA,2014
155,32,JAWA BARAT,3213,KABUPATEN SUBANG,CERAI MATI,52988,JIWA,2014
156,32,JAWA BARAT,3213,KABUPATEN SUBANG,KAWIN,834657,JIWA,2014
157,32,JAWA BARAT,3214,KABUPATEN PURWAKARTA,BELUM KAWIN,381760,JIWA,2014
158,32,JAWA BARAT,3214,KABUPATEN PURWAKARTA,CERAI HIDUP,12806,JIWA,2014
159,32,JAWA BARAT,3214,KABUPATEN PURWAKARTA,CERAI MATI,34677,JIWA,2014
160,32,JAWA BARAT,3214,KABUPATEN PURWAKARTA,KAWIN,424894,JIWA,2014
161,32,JAWA BARAT,3215,KABUPATEN KARAWANG,BELUM KAWIN,799426,JIWA,2014
162,32,JAWA BARAT,3215,KABUPATEN KARAWANG,CERAI HIDUP,24913,JIWA,2014
163,32,JAWA BARAT,3215,KABUPATEN KARAWANG,CERAI MATI,61677,JIWA,2014
164,32,JAWA BARAT,3215,KABUPATEN KARAWANG,KAWIN,1017099,JIWA,2014
165,32,JAWA BARAT,3216,KABUPATEN BEKASI,BELUM KAWIN,1184784,JIWA,2014
166,32,JAWA BARAT,3216,KABUPATEN BEKASI,CERAI HIDUP,19860,JIWA,2014
167,32,JAWA BARAT,3216,KABUPATEN BEKASI,CERAI MATI,53661,JIWA,2014
168,32,JAWA BARAT,3216,KABUPATEN BEKASI,KAWIN,1226173,JIWA,2014
169,32,JAWA BARAT,3217,KABUPATEN BANDUNG BARAT,BELUM KAWIN,706743,JIWA,2014
170,32,JAWA BARAT,3217,KABUPATEN BANDUNG BARAT,CERAI HIDUP,32214,JIWA,2014
171,32,JAWA BARAT,3217,KABUPATEN BANDUNG BARAT,CERAI MATI,29237,JIWA,2014
172,32,JAWA BARAT,3217,KABUPATEN BANDUNG BARAT,KAWIN,782424,JIWA,2014
173,32,JAWA BARAT,3218,KABUPATEN PANGANDARAN,BELUM KAWIN,154446,JIWA,2014
174,32,JAWA BARAT,3218,KABUPATEN PANGANDARAN,CERAI HIDUP,6055,JIWA,2014
175,32,JAWA BARAT,3218,KABUPATEN PANGANDARAN,CERAI MATI,16925,JIWA,2014
176,32,JAWA BARAT,3218,KABUPATEN PANGANDARAN,KAWIN,221177,JIWA,2014
177,32,JAWA BARAT,3271,KOTA BOGOR,BELUM KAWIN,464123,JIWA,2014
178,32,JAWA BARAT,3271,KOTA BOGOR,CERAI HIDUP,20990,JIWA,2014
179,32,JAWA BARAT,3271,KOTA BOGOR,CERAI MATI,24012,JIWA,2014
180,32,JAWA BARAT,3271,KOTA BOGOR,KAWIN,474031,JIWA,2014
181,32,JAWA BARAT,3272,KOTA SUKABUMI,BELUM KAWIN,152835,JIWA,2014
182,32,JAWA BARAT,3272,KOTA SUKABUMI,CERAI HIDUP,6616,JIWA,2014
183,32,JAWA BARAT,3272,KOTA SUKABUMI,CERAI MATI,13450,JIWA,2014
184,32,JAWA BARAT,3272,KOTA SUKABUMI,KAWIN,148253,JIWA,2014
185,32,JAWA BARAT,3273,KOTA BANDUNG,BELUM KAWIN,1108435,JIWA,2014
186,32,JAWA BARAT,3273,KOTA BANDUNG,CERAI HIDUP,26712,JIWA,2014
187,32,JAWA BARAT,3273,KOTA BANDUNG,CERAI MATI,86068,JIWA,2014
188,32,JAWA BARAT,3273,KOTA BANDUNG,KAWIN,1119882,JIWA,2014
189,32,JAWA BARAT,3274,KOTA CIREBON,BELUM KAWIN,152659,JIWA,2014
190,32,JAWA BARAT,3274,KOTA CIREBON,CERAI HIDUP,5156,JIWA,2014
191,32,JAWA BARAT,3274,KOTA CIREBON,CERAI MATI,15545,JIWA,2014
192,32,JAWA BARAT,3274,KOTA CIREBON,KAWIN,144909,JIWA,2014
193,32,JAWA BARAT,3275,KOTA BEKASI,BELUM KAWIN,1200963,JIWA,2014
194,32,JAWA BARAT,3275,KOTA BEKASI,CERAI HIDUP,11708,JIWA,2014
195,32,JAWA BARAT,3275,KOTA BEKASI,CERAI MATI,46532,JIWA,2014
196,32,JAWA BARAT,3275,KOTA BEKASI,KAWIN,1123486,JIWA,2014
197,32,JAWA BARAT,3276,KOTA DEPOK,BELUM KAWIN,796987,JIWA,2014
198,32,JAWA BARAT,3276,KOTA DEPOK,CERAI HIDUP,9608,JIWA,2014
199,32,JAWA BARAT,3276,KOTA DEPOK,CERAI MATI,51077,JIWA,2014
200,32,JAWA BARAT,3276,KOTA DEPOK,KAWIN,775423,JIWA,2014
201,32,JAWA BARAT,3277,KOTA CIMAHI,BELUM KAWIN,241075,JIWA,2014
202,32,JAWA BARAT,3277,KOTA CIMAHI,CERAI HIDUP,7616,JIWA,2014
203,32,JAWA BARAT,3277,KOTA CIMAHI,CERAI MATI,16832,JIWA,2014
204,32,JAWA BARAT,3277,KOTA CIMAHI,KAWIN,247917,JIWA,2014
205,32,JAWA BARAT,3278,KOTA TASIKMALAYA,BELUM KAWIN,321099,JIWA,2014
206,32,JAWA BARAT,3278,KOTA TASIKMALAYA,CERAI HIDUP,11231,JIWA,2014
207,32,JAWA BARAT,3278,KOTA TASIKMALAYA,CERAI MATI,25906,JIWA,2014
208,32,JAWA BARAT,3278,KOTA TASIKMALAYA,KAWIN,320178,JIWA,2014
209,32,JAWA BARAT,3279,KOTA BANJAR,BELUM KAWIN,80326,JIWA,2014
210,32,JAWA BARAT,3279,KOTA BANJAR,CERAI HIDUP,4199,JIWA,2014
211,32,JAWA BARAT,3279,KOTA BANJAR,CERAI MATI,10134,JIWA,2014
212,32,JAWA BARAT,3279,KOTA BANJAR,KAWIN,96186,JIWA,2014
213,32,JAWA BARAT,3201,KABUPATEN BOGOR,BELUM KAWIN,2014464,JIWA,2015
214,32,JAWA BARAT,3201,KABUPATEN BOGOR,CERAI HIDUP,45749,JIWA,2015
215,32,JAWA BARAT,3201,KABUPATEN BOGOR,CERAI MATI,97553,JIWA,2015
216,32,JAWA BARAT,3201,KABUPATEN BOGOR,KAWIN,1995301,JIWA,2015
217,32,JAWA BARAT,3202,KABUPATEN SUKABUMI,BELUM KAWIN,1221051,JIWA,2015
218,32,JAWA BARAT,3202,KABUPATEN SUKABUMI,CERAI HIDUP,46967,JIWA,2015
219,32,JAWA BARAT,3202,KABUPATEN SUKABUMI,CERAI MATI,70445,JIWA,2015
220,32,JAWA BARAT,3202,KABUPATEN SUKABUMI,KAWIN,1165212,JIWA,2015
221,32,JAWA BARAT,3203,KABUPATEN CIANJUR,BELUM KAWIN,976493,JIWA,2015
222,32,JAWA BARAT,3203,KABUPATEN CIANJUR,CERAI HIDUP,46323,JIWA,2015
223,32,JAWA BARAT,3203,KABUPATEN CIANJUR,CERAI MATI,59823,JIWA,2015
224,32,JAWA BARAT,3203,KABUPATEN CIANJUR,KAWIN,1135105,JIWA,2015
225,32,JAWA BARAT,3204,KABUPATEN BANDUNG,BELUM KAWIN,1731207,JIWA,2015
226,32,JAWA BARAT,3204,KABUPATEN BANDUNG,CERAI HIDUP,47701,JIWA,2015
227,32,JAWA BARAT,3204,KABUPATEN BANDUNG,CERAI MATI,78683,JIWA,2015
228,32,JAWA BARAT,3204,KABUPATEN BANDUNG,KAWIN,1636878,JIWA,2015
229,32,JAWA BARAT,3205,KABUPATEN GARUT,BELUM KAWIN,1148848,JIWA,2015
230,32,JAWA BARAT,3205,KABUPATEN GARUT,CERAI HIDUP,24948,JIWA,2015
231,32,JAWA BARAT,3205,KABUPATEN GARUT,CERAI MATI,54439,JIWA,2015
232,32,JAWA BARAT,3205,KABUPATEN GARUT,KAWIN,958665,JIWA,2015
233,32,JAWA BARAT,3206,KABUPATEN TASIKMALAYA,BELUM KAWIN,734086,JIWA,2015
234,32,JAWA BARAT,3206,KABUPATEN TASIKMALAYA,CERAI HIDUP,34526,JIWA,2015
235,32,JAWA BARAT,3206,KABUPATEN TASIKMALAYA,CERAI MATI,54216,JIWA,2015
236,32,JAWA BARAT,3206,KABUPATEN TASIKMALAYA,KAWIN,851634,JIWA,2015
237,32,JAWA BARAT,3207,KABUPATEN CIAMIS,BELUM KAWIN,491197,JIWA,2015
238,32,JAWA BARAT,3207,KABUPATEN CIAMIS,CERAI HIDUP,17234,JIWA,2015
239,32,JAWA BARAT,3207,KABUPATEN CIAMIS,CERAI MATI,57548,JIWA,2015
240,32,JAWA BARAT,3207,KABUPATEN CIAMIS,KAWIN,644754,JIWA,2015
241,32,JAWA BARAT,3208,KABUPATEN KUNINGAN,BELUM KAWIN,483184,JIWA,2015
242,32,JAWA BARAT,3208,KABUPATEN KUNINGAN,CERAI HIDUP,13667,JIWA,2015
243,32,JAWA BARAT,3208,KABUPATEN KUNINGAN,CERAI MATI,47805,JIWA,2015
244,32,JAWA BARAT,3208,KABUPATEN KUNINGAN,KAWIN,569821,JIWA,2015
245,32,JAWA BARAT,3209,KABUPATEN CIREBON,BELUM KAWIN,930062,JIWA,2015
246,32,JAWA BARAT,3209,KABUPATEN CIREBON,CERAI HIDUP,26541,JIWA,2015
247,32,JAWA BARAT,3209,KABUPATEN CIREBON,CERAI MATI,77159,JIWA,2015
248,32,JAWA BARAT,3209,KABUPATEN CIREBON,KAWIN,1023581,JIWA,2015
249,32,JAWA BARAT,3210,KABUPATEN MAJALENGKA,BELUM KAWIN,514913,JIWA,2015
250,32,JAWA BARAT,3210,KABUPATEN MAJALENGKA,CERAI HIDUP,22711,JIWA,2015
251,32,JAWA BARAT,3210,KABUPATEN MAJALENGKA,CERAI MATI,46596,JIWA,2015
252,32,JAWA BARAT,3210,KABUPATEN MAJALENGKA,KAWIN,665960,JIWA,2015
253,32,JAWA BARAT,3211,KABUPATEN SUMEDANG,BELUM KAWIN,445156,JIWA,2015
254,32,JAWA BARAT,3211,KABUPATEN SUMEDANG,CERAI HIDUP,17216,JIWA,2015
255,32,JAWA BARAT,3211,KABUPATEN SUMEDANG,CERAI MATI,39200,JIWA,2015
256,32,JAWA BARAT,3211,KABUPATEN SUMEDANG,KAWIN,609302,JIWA,2015
257,32,JAWA BARAT,3212,KABUPATEN INDRAMAYU,BELUM KAWIN,815791,JIWA,2015
258,32,JAWA BARAT,3212,KABUPATEN INDRAMAYU,CERAI HIDUP,24802,JIWA,2015
259,32,JAWA BARAT,3212,KABUPATEN INDRAMAYU,CERAI MATI,83322,JIWA,2015
260,32,JAWA BARAT,3212,KABUPATEN INDRAMAYU,KAWIN,901207,JIWA,2015
261,32,JAWA BARAT,3213,KABUPATEN SUBANG,BELUM KAWIN,649173,JIWA,2015
262,32,JAWA BARAT,3213,KABUPATEN SUBANG,CERAI HIDUP,28349,JIWA,2015
263,32,JAWA BARAT,3213,KABUPATEN SUBANG,CERAI MATI,58631,JIWA,2015
264,32,JAWA BARAT,3213,KABUPATEN SUBANG,KAWIN,804147,JIWA,2015
265,32,JAWA BARAT,3214,KABUPATEN PURWAKARTA,BELUM KAWIN,396984,JIWA,2015
266,32,JAWA BARAT,3214,KABUPATEN PURWAKARTA,CERAI HIDUP,14365,JIWA,2015
267,32,JAWA BARAT,3214,KABUPATEN PURWAKARTA,CERAI MATI,35586,JIWA,2015
268,32,JAWA BARAT,3214,KABUPATEN PURWAKARTA,KAWIN,438918,JIWA,2015
269,32,JAWA BARAT,3215,KABUPATEN KARAWANG,BELUM KAWIN,910221,JIWA,2015
270,32,JAWA BARAT,3215,KABUPATEN KARAWANG,CERAI HIDUP,27453,JIWA,2015
271,32,JAWA BARAT,3215,KABUPATEN KARAWANG,CERAI MATI,68031,JIWA,2015
272,32,JAWA BARAT,3215,KABUPATEN KARAWANG,KAWIN,1054037,JIWA,2015
273,32,JAWA BARAT,3216,KABUPATEN BEKASI,BELUM KAWIN,1238779,JIWA,2015
274,32,JAWA BARAT,3216,KABUPATEN BEKASI,CERAI HIDUP,18485,JIWA,2015
275,32,JAWA BARAT,3216,KABUPATEN BEKASI,CERAI MATI,47791,JIWA,2015
276,32,JAWA BARAT,3216,KABUPATEN BEKASI,KAWIN,1181201,JIWA,2015
277,32,JAWA BARAT,3217,KABUPATEN BANDUNG BARAT,BELUM KAWIN,781163,JIWA,2015
278,32,JAWA BARAT,3217,KABUPATEN BANDUNG BARAT,CERAI HIDUP,28964,JIWA,2015
279,32,JAWA BARAT,3217,KABUPATEN BANDUNG BARAT,CERAI MATI,31381,JIWA,2015
280,32,JAWA BARAT,3217,KABUPATEN BANDUNG BARAT,KAWIN,751197,JIWA,2015
281,32,JAWA BARAT,3218,KABUPATEN PANGANDARAN,BELUM KAWIN,151550,JIWA,2015
282,32,JAWA BARAT,3218,KABUPATEN PANGANDARAN,CERAI HIDUP,6242,JIWA,2015
283,32,JAWA BARAT,3218,KABUPATEN PANGANDARAN,CERAI MATI,17711,JIWA,2015
284,32,JAWA BARAT,3218,KABUPATEN PANGANDARAN,KAWIN,227241,JIWA,2015
285,32,JAWA BARAT,3271,KOTA BOGOR,BELUM KAWIN,469816,JIWA,2015
286,32,JAWA BARAT,3271,KOTA BOGOR,CERAI HIDUP,16988,JIWA,2015
287,32,JAWA BARAT,3271,KOTA BOGOR,CERAI MATI,28333,JIWA,2015
288,32,JAWA BARAT,3271,KOTA BOGOR,KAWIN,468923,JIWA,2015
289,32,JAWA BARAT,3272,KOTA SUKABUMI,BELUM KAWIN,152458,JIWA,2015
290,32,JAWA BARAT,3272,KOTA SUKABUMI,CERAI HIDUP,6250,JIWA,2015
291,32,JAWA BARAT,3272,KOTA SUKABUMI,CERAI MATI,13783,JIWA,2015
292,32,JAWA BARAT,3272,KOTA SUKABUMI,KAWIN,149225,JIWA,2015
293,32,JAWA BARAT,3273,KOTA BANDUNG,BELUM KAWIN,1131146,JIWA,2015
294,32,JAWA BARAT,3273,KOTA BANDUNG,CERAI HIDUP,29047,JIWA,2015
295,32,JAWA BARAT,3273,KOTA BANDUNG,CERAI MATI,89714,JIWA,2015
296,32,JAWA BARAT,3273,KOTA BANDUNG,KAWIN,1128720,JIWA,2015
297,32,JAWA BARAT,3274,KOTA CIREBON,BELUM KAWIN,153472,JIWA,2015
298,32,JAWA BARAT,3274,KOTA CIREBON,CERAI HIDUP,5780,JIWA,2015
299,32,JAWA BARAT,3274,KOTA CIREBON,CERAI MATI,14797,JIWA,2015
300,32,JAWA BARAT,3274,KOTA CIREBON,KAWIN,144784,JIWA,2015
301,32,JAWA BARAT,3275,KOTA BEKASI,BELUM KAWIN,1233197,JIWA,2015
302,32,JAWA BARAT,3275,KOTA BEKASI,CERAI HIDUP,12350,JIWA,2015
303,32,JAWA BARAT,3275,KOTA BEKASI,CERAI MATI,42767,JIWA,2015
304,32,JAWA BARAT,3275,KOTA BEKASI,KAWIN,1096099,JIWA,2015
305,32,JAWA BARAT,3276,KOTA DEPOK,BELUM KAWIN,801316,JIWA,2015
306,32,JAWA BARAT,3276,KOTA DEPOK,CERAI HIDUP,10446,JIWA,2015
307,32,JAWA BARAT,3276,KOTA DEPOK,CERAI MATI,50044,JIWA,2015
308,32,JAWA BARAT,3276,KOTA DEPOK,KAWIN,777728,JIWA,2015
309,32,JAWA BARAT,3277,KOTA CIMAHI,BELUM KAWIN,248713,JIWA,2015
310,32,JAWA BARAT,3277,KOTA CIMAHI,CERAI HIDUP,7761,JIWA,2015
311,32,JAWA BARAT,3277,KOTA CIMAHI,CERAI MATI,17136,JIWA,2015
312,32,JAWA BARAT,3277,KOTA CIMAHI,KAWIN,246867,JIWA,2015
313,32,JAWA BARAT,3278,KOTA TASIKMALAYA,BELUM KAWIN,325868,JIWA,2015
314,32,JAWA BARAT,3278,KOTA TASIKMALAYA,CERAI HIDUP,11934,JIWA,2015
315,32,JAWA BARAT,3278,KOTA TASIKMALAYA,CERAI MATI,27679,JIWA,2015
316,32,JAWA BARAT,3278,KOTA TASIKMALAYA,KAWIN,319338,JIWA,2015
317,32,JAWA BARAT,3279,KOTA BANJAR,BELUM KAWIN,83913,JIWA,2015
318,32,JAWA BARAT,3279,KOTA BANJAR,CERAI HIDUP,4800,JIWA,2015
319,32,JAWA BARAT,3279,KOTA BANJAR,CERAI MATI,10468,JIWA,2015
320,32,JAWA BARAT,3279,KOTA BANJAR,KAWIN,97382,JIWA,2015
321,32,JAWA BARAT,3201,KABUPATEN BOGOR,BELUM KAWIN,1847500,JIWA,2016
322,32,JAWA BARAT,3201,KABUPATEN BOGOR,CERAI HIDUP,49957,JIWA,2016
323,32,JAWA BARAT,3201,KABUPATEN BOGOR,CERAI MATI,116916,JIWA,2016
324,32,JAWA BARAT,3201,KABUPATEN BOGOR,KAWIN,2175159,JIWA,2016
325,32,JAWA BARAT,3202,KABUPATEN SUKABUMI,BELUM KAWIN,1138675,JIWA,2016
326,32,JAWA BARAT,3202,KABUPATEN SUKABUMI,CERAI HIDUP,53516,JIWA,2016
327,32,JAWA BARAT,3202,KABUPATEN SUKABUMI,CERAI MATI,75939,JIWA,2016
328,32,JAWA BARAT,3202,KABUPATEN SUKABUMI,KAWIN,1248331,JIWA,2016
329,32,JAWA BARAT,3203,KABUPATEN CIANJUR,BELUM KAWIN,970113,JIWA,2016
330,32,JAWA BARAT,3203,KABUPATEN CIANJUR,CERAI HIDUP,45951,JIWA,2016
331,32,JAWA BARAT,3203,KABUPATEN CIANJUR,CERAI MATI,71899,JIWA,2016
332,32,JAWA BARAT,3203,KABUPATEN CIANJUR,KAWIN,1143665,JIWA,2016
333,32,JAWA BARAT,3204,KABUPATEN BANDUNG,BELUM KAWIN,1637365,JIWA,2016
334,32,JAWA BARAT,3204,KABUPATEN BANDUNG,CERAI HIDUP,48751,JIWA,2016
335,32,JAWA BARAT,3204,KABUPATEN BANDUNG,CERAI MATI,89398,JIWA,2016
336,32,JAWA BARAT,3204,KABUPATEN BANDUNG,KAWIN,1736675,JIWA,2016
337,32,JAWA BARAT,3205,KABUPATEN GARUT,BELUM KAWIN,1058451,JIWA,2016
338,32,JAWA BARAT,3205,KABUPATEN GARUT,CERAI HIDUP,28635,JIWA,2016
339,32,JAWA BARAT,3205,KABUPATEN GARUT,CERAI MATI,63981,JIWA,2016
340,32,JAWA BARAT,3205,KABUPATEN GARUT,KAWIN,1052339,JIWA,2016
341,32,JAWA BARAT,3206,KABUPATEN TASIKMALAYA,BELUM KAWIN,736900,JIWA,2016
342,32,JAWA BARAT,3206,KABUPATEN TASIKMALAYA,CERAI HIDUP,36157,JIWA,2016
343,32,JAWA BARAT,3206,KABUPATEN TASIKMALAYA,CERAI MATI,59186,JIWA,2016
344,32,JAWA BARAT,3206,KABUPATEN TASIKMALAYA,KAWIN,874993,JIWA,2016
345,32,JAWA BARAT,3207,KABUPATEN CIAMIS,BELUM KAWIN,482596,JIWA,2016
346,32,JAWA BARAT,3207,KABUPATEN CIAMIS,CERAI HIDUP,18887,JIWA,2016
347,32,JAWA BARAT,3207,KABUPATEN CIAMIS,CERAI MATI,61859,JIWA,2016
348,32,JAWA BARAT,3207,KABUPATEN CIAMIS,KAWIN,661300,JIWA,2016
349,32,JAWA BARAT,3208,KABUPATEN KUNINGAN,BELUM KAWIN,480088,JIWA,2016
350,32,JAWA BARAT,3208,KABUPATEN KUNINGAN,CERAI HIDUP,14450,JIWA,2016
351,32,JAWA BARAT,3208,KABUPATEN KUNINGAN,CERAI MATI,48514,JIWA,2016
352,32,JAWA BARAT,3208,KABUPATEN KUNINGAN,KAWIN,581825,JIWA,2016
353,32,JAWA BARAT,3209,KABUPATEN CIREBON,BELUM KAWIN,925764,JIWA,2016
354,32,JAWA BARAT,3209,KABUPATEN CIREBON,CERAI HIDUP,28940,JIWA,2016
355,32,JAWA BARAT,3209,KABUPATEN CIREBON,CERAI MATI,79550,JIWA,2016
356,32,JAWA BARAT,3209,KABUPATEN CIREBON,KAWIN,1038345,JIWA,2016
357,32,JAWA BARAT,3210,KABUPATEN MAJALENGKA,BELUM KAWIN,512092,JIWA,2016
358,32,JAWA BARAT,3210,KABUPATEN MAJALENGKA,CERAI HIDUP,23874,JIWA,2016
359,32,JAWA BARAT,3210,KABUPATEN MAJALENGKA,CERAI MATI,47891,JIWA,2016
360,32,JAWA BARAT,3210,KABUPATEN MAJALENGKA,KAWIN,676612,JIWA,2016
361,32,JAWA BARAT,3211,KABUPATEN SUMEDANG,BELUM KAWIN,446496,JIWA,2016
362,32,JAWA BARAT,3211,KABUPATEN SUMEDANG,CERAI HIDUP,18892,JIWA,2016
363,32,JAWA BARAT,3211,KABUPATEN SUMEDANG,CERAI MATI,41698,JIWA,2016
364,32,JAWA BARAT,3211,KABUPATEN SUMEDANG,KAWIN,625373,JIWA,2016
365,32,JAWA BARAT,3212,KABUPATEN INDRAMAYU,BELUM KAWIN,812259,JIWA,2016
366,32,JAWA BARAT,3212,KABUPATEN INDRAMAYU,CERAI HIDUP,23750,JIWA,2016
367,32,JAWA BARAT,3212,KABUPATEN INDRAMAYU,CERAI MATI,83127,JIWA,2016
368,32,JAWA BARAT,3212,KABUPATEN INDRAMAYU,KAWIN,920631,JIWA,2016
369,32,JAWA BARAT,3213,KABUPATEN SUBANG,BELUM KAWIN,636770,JIWA,2016
370,32,JAWA BARAT,3213,KABUPATEN SUBANG,CERAI HIDUP,25855,JIWA,2016
371,32,JAWA BARAT,3213,KABUPATEN SUBANG,CERAI MATI,56021,JIWA,2016
372,32,JAWA BARAT,3213,KABUPATEN SUBANG,KAWIN,829635,JIWA,2016
373,32,JAWA BARAT,3214,KABUPATEN PURWAKARTA,BELUM KAWIN,392490,JIWA,2016
374,32,JAWA BARAT,3214,KABUPATEN PURWAKARTA,CERAI HIDUP,17161,JIWA,2016
375,32,JAWA BARAT,3214,KABUPATEN PURWAKARTA,CERAI MATI,38010,JIWA,2016
376,32,JAWA BARAT,3214,KABUPATEN PURWAKARTA,KAWIN,457924,JIWA,2016
377,32,JAWA BARAT,3215,KABUPATEN KARAWANG,BELUM KAWIN,825971,JIWA,2016
378,32,JAWA BARAT,3215,KABUPATEN KARAWANG,CERAI HIDUP,32035,JIWA,2016
379,32,JAWA BARAT,3215,KABUPATEN KARAWANG,CERAI MATI,78790,JIWA,2016
380,32,JAWA BARAT,3215,KABUPATEN KARAWANG,KAWIN,1138833,JIWA,2016
381,32,JAWA BARAT,3216,KABUPATEN BEKASI,BELUM KAWIN,1077717,JIWA,2016
382,32,JAWA BARAT,3216,KABUPATEN BEKASI,CERAI HIDUP,22357,JIWA,2016
383,32,JAWA BARAT,3216,KABUPATEN BEKASI,CERAI MATI,58907,JIWA,2016
384,32,JAWA BARAT,3216,KABUPATEN BEKASI,KAWIN,1350514,JIWA,2016
385,32,JAWA BARAT,3217,KABUPATEN BANDUNG BARAT,BELUM KAWIN,733428,JIWA,2016
386,32,JAWA BARAT,3217,KABUPATEN BANDUNG BARAT,CERAI HIDUP,31150,JIWA,2016
387,32,JAWA BARAT,3217,KABUPATEN BANDUNG BARAT,CERAI MATI,35803,JIWA,2016
388,32,JAWA BARAT,3217,KABUPATEN BANDUNG BARAT,KAWIN,800555,JIWA,2016
389,32,JAWA BARAT,3218,KABUPATEN PANGANDARAN,BELUM KAWIN,151695,JIWA,2016
390,32,JAWA BARAT,3218,KABUPATEN PANGANDARAN,CERAI HIDUP,6649,JIWA,2016
391,32,JAWA BARAT,3218,KABUPATEN PANGANDARAN,CERAI MATI,18699,JIWA,2016
392,32,JAWA BARAT,3218,KABUPATEN PANGANDARAN,KAWIN,228640,JIWA,2016
393,32,JAWA BARAT,3271,KOTA BOGOR,BELUM KAWIN,470274,JIWA,2016
394,32,JAWA BARAT,3271,KOTA BOGOR,CERAI HIDUP,15953,JIWA,2016
395,32,JAWA BARAT,3271,KOTA BOGOR,CERAI MATI,30699,JIWA,2016
396,32,JAWA BARAT,3271,KOTA BOGOR,KAWIN,476644,JIWA,2016
397,32,JAWA BARAT,3272,KOTA SUKABUMI,BELUM KAWIN,153003,JIWA,2016
398,32,JAWA BARAT,3272,KOTA SUKABUMI,CERAI HIDUP,6704,JIWA,2016
399,32,JAWA BARAT,3272,KOTA SUKABUMI,CERAI MATI,14974,JIWA,2016
400,32,JAWA BARAT,3272,KOTA SUKABUMI,KAWIN,158352,JIWA,2016
401,32,JAWA BARAT,3273,KOTA BANDUNG,BELUM KAWIN,1129470,JIWA,2016
402,32,JAWA BARAT,3273,KOTA BANDUNG,CERAI HIDUP,32293,JIWA,2016
403,32,JAWA BARAT,3273,KOTA BANDUNG,CERAI MATI,88495,JIWA,2016
404,32,JAWA BARAT,3273,KOTA BANDUNG,KAWIN,1147138,JIWA,2016
405,32,JAWA BARAT,3274,KOTA CIREBON,BELUM KAWIN,152734,JIWA,2016
406,32,JAWA BARAT,3274,KOTA CIREBON,CERAI HIDUP,6244,JIWA,2016
407,32,JAWA BARAT,3274,KOTA CIREBON,CERAI MATI,15544,JIWA,2016
408,32,JAWA BARAT,3274,KOTA CIREBON,KAWIN,150272,JIWA,2016
409,32,JAWA BARAT,3275,KOTA BEKASI,BELUM KAWIN,1207983,JIWA,2016
410,32,JAWA BARAT,3275,KOTA BEKASI,CERAI HIDUP,13839,JIWA,2016
411,32,JAWA BARAT,3275,KOTA BEKASI,CERAI MATI,48230,JIWA,2016
412,32,JAWA BARAT,3275,KOTA BEKASI,KAWIN,1132413,JIWA,2016
413,32,JAWA BARAT,3276,KOTA DEPOK,BELUM KAWIN,877396,JIWA,2016
414,32,JAWA BARAT,3276,KOTA DEPOK,CERAI HIDUP,12799,JIWA,2016
415,32,JAWA BARAT,3276,KOTA DEPOK,CERAI MATI,53189,JIWA,2016
416,32,JAWA BARAT,3276,KOTA DEPOK,KAWIN,860324,JIWA,2016
417,32,JAWA BARAT,3277,KOTA CIMAHI,BELUM KAWIN,245893,JIWA,2016
418,32,JAWA BARAT,3277,KOTA CIMAHI,CERAI HIDUP,8342,JIWA,2016
419,32,JAWA BARAT,3277,KOTA CIMAHI,CERAI MATI,18383,JIWA,2016
420,32,JAWA BARAT,3277,KOTA CIMAHI,KAWIN,258775,JIWA,2016
421,32,JAWA BARAT,3278,KOTA TASIKMALAYA,BELUM KAWIN,319544,JIWA,2016
422,32,JAWA BARAT,3278,KOTA TASIKMALAYA,CERAI HIDUP,12475,JIWA,2016
423,32,JAWA BARAT,3278,KOTA TASIKMALAYA,CERAI MATI,27633,JIWA,2016
424,32,JAWA BARAT,3278,KOTA TASIKMALAYA,KAWIN,330843,JIWA,2016
425,32,JAWA BARAT,3279,KOTA BANJAR,BELUM KAWIN,85294,JIWA,2016
426,32,JAWA BARAT,3279,KOTA BANJAR,CERAI HIDUP,5778,JIWA,2016
427,32,JAWA BARAT,3279,KOTA BANJAR,CERAI MATI,11341,JIWA,2016
428,32,JAWA BARAT,3279,KOTA BANJAR,KAWIN,100018,JIWA,2016
429,32,JAWA BARAT,3201,KABUPATEN BOGOR,BELUM KAWIN,1954774,JIWA,2017
430,32,JAWA BARAT,3201,KABUPATEN BOGOR,CERAI HIDUP,52381,JIWA,2017
431,32,JAWA BARAT,3201,KABUPATEN BOGOR,CERAI MATI,128878,JIWA,2017
432,32,JAWA BARAT,3201,KABUPATEN BOGOR,KAWIN,2221862,JIWA,2017
433,32,JAWA BARAT,3202,KABUPATEN SUKABUMI,BELUM KAWIN,1123977,JIWA,2017
434,32,JAWA BARAT,3202,KABUPATEN SUKABUMI,CERAI HIDUP,54935,JIWA,2017
435,32,JAWA BARAT,3202,KABUPATEN SUKABUMI,CERAI MATI,78595,JIWA,2017
436,32,JAWA BARAT,3202,KABUPATEN SUKABUMI,KAWIN,1279101,JIWA,2017
437,32,JAWA BARAT,3203,KABUPATEN CIANJUR,BELUM KAWIN,999084,JIWA,2017
438,32,JAWA BARAT,3203,KABUPATEN CIANJUR,CERAI HIDUP,43386,JIWA,2017
439,32,JAWA BARAT,3203,KABUPATEN CIANJUR,CERAI MATI,71585,JIWA,2017
440,32,JAWA BARAT,3203,KABUPATEN CIANJUR,KAWIN,1136428,JIWA,2017
441,32,JAWA BARAT,3204,KABUPATEN BANDUNG,BELUM KAWIN,1626761,JIWA,2017
442,32,JAWA BARAT,3204,KABUPATEN BANDUNG,CERAI HIDUP,48188,JIWA,2017
443,32,JAWA BARAT,3204,KABUPATEN BANDUNG,CERAI MATI,93035,JIWA,2017
444,32,JAWA BARAT,3204,KABUPATEN BANDUNG,KAWIN,1757165,JIWA,2017
445,32,JAWA BARAT,3205,KABUPATEN GARUT,BELUM KAWIN,1038137,JIWA,2017
446,32,JAWA BARAT,3205,KABUPATEN GARUT,CERAI HIDUP,30362,JIWA,2017
447,32,JAWA BARAT,3205,KABUPATEN GARUT,CERAI MATI,71318,JIWA,2017
448,32,JAWA BARAT,3205,KABUPATEN GARUT,KAWIN,1081993,JIWA,2017
449,32,JAWA BARAT,3206,KABUPATEN TASIKMALAYA,BELUM KAWIN,738429,JIWA,2017
450,32,JAWA BARAT,3206,KABUPATEN TASIKMALAYA,CERAI HIDUP,35975,JIWA,2017
451,32,JAWA BARAT,3206,KABUPATEN TASIKMALAYA,CERAI MATI,62477,JIWA,2017
452,32,JAWA BARAT,3206,KABUPATEN TASIKMALAYA,KAWIN,896340,JIWA,2017
453,32,JAWA BARAT,3207,KABUPATEN CIAMIS,BELUM KAWIN,487316,JIWA,2017
454,32,JAWA BARAT,3207,KABUPATEN CIAMIS,CERAI HIDUP,19528,JIWA,2017
455,32,JAWA BARAT,3207,KABUPATEN CIAMIS,CERAI MATI,60776,JIWA,2017
456,32,JAWA BARAT,3207,KABUPATEN CIAMIS,KAWIN,662257,JIWA,2017
457,32,JAWA BARAT,3208,KABUPATEN KUNINGAN,BELUM KAWIN,484044,JIWA,2017
458,32,JAWA BARAT,3208,KABUPATEN KUNINGAN,CERAI HIDUP,15262,JIWA,2017
459,32,JAWA BARAT,3208,KABUPATEN KUNINGAN,CERAI MATI,49493,JIWA,2017
460,32,JAWA BARAT,3208,KABUPATEN KUNINGAN,KAWIN,588658,JIWA,2017
461,32,JAWA BARAT,3209,KABUPATEN CIREBON,BELUM KAWIN,922561,JIWA,2017
462,32,JAWA BARAT,3209,KABUPATEN CIREBON,CERAI HIDUP,30743,JIWA,2017
463,32,JAWA BARAT,3209,KABUPATEN CIREBON,CERAI MATI,84354,JIWA,2017
464,32,JAWA BARAT,3209,KABUPATEN CIREBON,KAWIN,1062640,JIWA,2017
465,32,JAWA BARAT,3210,KABUPATEN MAJALENGKA,BELUM KAWIN,512640,JIWA,2017
466,32,JAWA BARAT,3210,KABUPATEN MAJALENGKA,CERAI HIDUP,24636,JIWA,2017
467,32,JAWA BARAT,3210,KABUPATEN MAJALENGKA,CERAI MATI,50641,JIWA,2017
468,32,JAWA BARAT,3210,KABUPATEN MAJALENGKA,KAWIN,681292,JIWA,2017
469,32,JAWA BARAT,3211,KABUPATEN SUMEDANG,BELUM KAWIN,461545,JIWA,2017
470,32,JAWA BARAT,3211,KABUPATEN SUMEDANG,CERAI HIDUP,21682,JIWA,2017
471,32,JAWA BARAT,3211,KABUPATEN SUMEDANG,CERAI MATI,47943,JIWA,2017
472,32,JAWA BARAT,3211,KABUPATEN SUMEDANG,KAWIN,608360,JIWA,2017
473,32,JAWA BARAT,3212,KABUPATEN INDRAMAYU,BELUM KAWIN,833434,JIWA,2017
474,32,JAWA BARAT,3212,KABUPATEN INDRAMAYU,CERAI HIDUP,25616,JIWA,2017
475,32,JAWA BARAT,3212,KABUPATEN INDRAMAYU,CERAI MATI,76917,JIWA,2017
476,32,JAWA BARAT,3212,KABUPATEN INDRAMAYU,KAWIN,914725,JIWA,2017
477,32,JAWA BARAT,3213,KABUPATEN SUBANG,BELUM KAWIN,636396,JIWA,2017
478,32,JAWA BARAT,3213,KABUPATEN SUBANG,CERAI HIDUP,24926,JIWA,2017
479,32,JAWA BARAT,3213,KABUPATEN SUBANG,CERAI MATI,59389,JIWA,2017
480,32,JAWA BARAT,3213,KABUPATEN SUBANG,KAWIN,834327,JIWA,2017
481,32,JAWA BARAT,3214,KABUPATEN PURWAKARTA,BELUM KAWIN,394827,JIWA,2017
482,32,JAWA BARAT,3214,KABUPATEN PURWAKARTA,CERAI HIDUP,18734,JIWA,2017
483,32,JAWA BARAT,3214,KABUPATEN PURWAKARTA,CERAI MATI,38778,JIWA,2017
484,32,JAWA BARAT,3214,KABUPATEN PURWAKARTA,KAWIN,466026,JIWA,2017
485,32,JAWA BARAT,3215,KABUPATEN KARAWANG,BELUM KAWIN,859397,JIWA,2017
486,32,JAWA BARAT,3215,KABUPATEN KARAWANG,CERAI HIDUP,33329,JIWA,2017
487,32,JAWA BARAT,3215,KABUPATEN KARAWANG,CERAI MATI,78395,JIWA,2017
488,32,JAWA BARAT,3215,KABUPATEN KARAWANG,KAWIN,1160465,JIWA,2017
489,32,JAWA BARAT,3216,KABUPATEN BEKASI,BELUM KAWIN,1126336,JIWA,2017
490,32,JAWA BARAT,3216,KABUPATEN BEKASI,CERAI HIDUP,23760,JIWA,2017
491,32,JAWA BARAT,3216,KABUPATEN BEKASI,CERAI MATI,60617,JIWA,2017
492,32,JAWA BARAT,3216,KABUPATEN BEKASI,KAWIN,1400752,JIWA,2017
493,32,JAWA BARAT,3217,KABUPATEN BANDUNG BARAT,BELUM KAWIN,726199,JIWA,2017
494,32,JAWA BARAT,3217,KABUPATEN BANDUNG BARAT,CERAI HIDUP,33780,JIWA,2017
495,32,JAWA BARAT,3217,KABUPATEN BANDUNG BARAT,CERAI MATI,40662,JIWA,2017
496,32,JAWA BARAT,3217,KABUPATEN BANDUNG BARAT,KAWIN,837914,JIWA,2017
497,32,JAWA BARAT,3218,KABUPATEN PANGANDARAN,BELUM KAWIN,154460,JIWA,2017
498,32,JAWA BARAT,3218,KABUPATEN PANGANDARAN,CERAI HIDUP,7174,JIWA,2017
499,32,JAWA BARAT,3218,KABUPATEN PANGANDARAN,CERAI MATI,19571,JIWA,2017
500,32,JAWA BARAT,3218,KABUPATEN PANGANDARAN,KAWIN,227811,JIWA,2017
501,32,JAWA BARAT,3271,KOTA BOGOR,BELUM KAWIN,475910,JIWA,2017
502,32,JAWA BARAT,3271,KOTA BOGOR,CERAI HIDUP,16392,JIWA,2017
503,32,JAWA BARAT,3271,KOTA BOGOR,CERAI MATI,33133,JIWA,2017
504,32,JAWA BARAT,3271,KOTA BOGOR,KAWIN,485149,JIWA,2017
505,32,JAWA BARAT,3272,KOTA SUKABUMI,BELUM KAWIN,155486,JIWA,2017
506,32,JAWA BARAT,3272,KOTA SUKABUMI,CERAI HIDUP,6779,JIWA,2017
507,32,JAWA BARAT,3272,KOTA SUKABUMI,CERAI MATI,15096,JIWA,2017
508,32,JAWA BARAT,3272,KOTA SUKABUMI,KAWIN,158505,JIWA,2017
509,32,JAWA BARAT,3273,KOTA BANDUNG,BELUM KAWIN,1109967,JIWA,2017
510,32,JAWA BARAT,3273,KOTA BANDUNG,CERAI HIDUP,35768,JIWA,2017
511,32,JAWA BARAT,3273,KOTA BANDUNG,CERAI MATI,92438,JIWA,2017
512,32,JAWA BARAT,3273,KOTA BANDUNG,KAWIN,1174283,JIWA,2017
513,32,JAWA BARAT,3274,KOTA CIREBON,BELUM KAWIN,153338,JIWA,2017
514,32,JAWA BARAT,3274,KOTA CIREBON,CERAI HIDUP,6706,JIWA,2017
515,32,JAWA BARAT,3274,KOTA CIREBON,CERAI MATI,15898,JIWA,2017
516,32,JAWA BARAT,3274,KOTA CIREBON,KAWIN,152297,JIWA,2017
517,32,JAWA BARAT,3275,KOTA BEKASI,BELUM KAWIN,1209706,JIWA,2017
518,32,JAWA BARAT,3275,KOTA BEKASI,CERAI HIDUP,14807,JIWA,2017
519,32,JAWA BARAT,3275,KOTA BEKASI,CERAI MATI,51761,JIWA,2017
520,32,JAWA BARAT,3275,KOTA BEKASI,KAWIN,1138816,JIWA,2017
521,32,JAWA BARAT,3276,KOTA DEPOK,BELUM KAWIN,873500,JIWA,2017
522,32,JAWA BARAT,3276,KOTA DEPOK,CERAI HIDUP,14375,JIWA,2017
523,32,JAWA BARAT,3276,KOTA DEPOK,CERAI MATI,56753,JIWA,2017
524,32,JAWA BARAT,3276,KOTA DEPOK,KAWIN,867294,JIWA,2017
525,32,JAWA BARAT,3277,KOTA CIMAHI,BELUM KAWIN,246293,JIWA,2017
526,32,JAWA BARAT,3277,KOTA CIMAHI,CERAI HIDUP,8852,JIWA,2017
527,32,JAWA BARAT,3277,KOTA CIMAHI,CERAI MATI,18059,JIWA,2017
528,32,JAWA BARAT,3277,KOTA CIMAHI,KAWIN,262481,JIWA,2017
529,32,JAWA BARAT,3278,KOTA TASIKMALAYA,BELUM KAWIN,320076,JIWA,2017
530,32,JAWA BARAT,3278,KOTA TASIKMALAYA,CERAI HIDUP,13165,JIWA,2017
531,32,JAWA BARAT,3278,KOTA TASIKMALAYA,CERAI MATI,27647,JIWA,2017
532,32,JAWA BARAT,3278,KOTA TASIKMALAYA,KAWIN,333718,JIWA,2017
533,32,JAWA BARAT,3279,KOTA BANJAR,BELUM KAWIN,85918,JIWA,2017
534,32,JAWA BARAT,3279,KOTA BANJAR,CERAI HIDUP,5828,JIWA,2017
535,32,JAWA BARAT,3279,KOTA BANJAR,CERAI MATI,11079,JIWA,2017
536,32,JAWA BARAT,3279,KOTA BANJAR,KAWIN,98523,JIWA,2017
537,32,JAWA BARAT,3201,KABUPATEN BOGOR,BELUM KAWIN,1995321,JIWA,2018
538,32,JAWA BARAT,3201,KABUPATEN BOGOR,CERAI HIDUP,55470,JIWA,2018
539,32,JAWA BARAT,3201,KABUPATEN BOGOR,CERAI MATI,141101,JIWA,2018
540,32,JAWA BARAT,3201,KABUPATEN BOGOR,KAWIN,2393920,JIWA,2018
541,32,JAWA BARAT,3202,KABUPATEN SUKABUMI,BELUM KAWIN,1098733,JIWA,2018
542,32,JAWA BARAT,3202,KABUPATEN SUKABUMI,CERAI HIDUP,56839,JIWA,2018
543,32,JAWA BARAT,3202,KABUPATEN SUKABUMI,CERAI MATI,84852,JIWA,2018
544,32,JAWA BARAT,3202,KABUPATEN SUKABUMI,KAWIN,1311672,JIWA,2018
545,32,JAWA BARAT,3203,KABUPATEN CIANJUR,BELUM KAWIN,984157,JIWA,2018
546,32,JAWA BARAT,3203,KABUPATEN CIANJUR,CERAI HIDUP,42884,JIWA,2018
547,32,JAWA BARAT,3203,KABUPATEN CIANJUR,CERAI MATI,75180,JIWA,2018
548,32,JAWA BARAT,3203,KABUPATEN CIANJUR,KAWIN,1160980,JIWA,2018
549,32,JAWA BARAT,3204,KABUPATEN BANDUNG,BELUM KAWIN,1640530,JIWA,2018
550,32,JAWA BARAT,3204,KABUPATEN BANDUNG,CERAI HIDUP,46750,JIWA,2018
551,32,JAWA BARAT,3204,KABUPATEN BANDUNG,CERAI MATI,100048,JIWA,2018
552,32,JAWA BARAT,3204,KABUPATEN BANDUNG,KAWIN,1748665,JIWA,2018
553,32,JAWA BARAT,3205,KABUPATEN GARUT,BELUM KAWIN,1000822,JIWA,2018
554,32,JAWA BARAT,3205,KABUPATEN GARUT,CERAI HIDUP,32144,JIWA,2018
555,32,JAWA BARAT,3205,KABUPATEN GARUT,CERAI MATI,74254,JIWA,2018
556,32,JAWA BARAT,3205,KABUPATEN GARUT,KAWIN,1128251,JIWA,2018
557,32,JAWA BARAT,3206,KABUPATEN TASIKMALAYA,BELUM KAWIN,711634,JIWA,2018
558,32,JAWA BARAT,3206,KABUPATEN TASIKMALAYA,CERAI HIDUP,37752,JIWA,2018
559,32,JAWA BARAT,3206,KABUPATEN TASIKMALAYA,CERAI MATI,73515,JIWA,2018
560,32,JAWA BARAT,3206,KABUPATEN TASIKMALAYA,KAWIN,939722,JIWA,2018
561,32,JAWA BARAT,3207,KABUPATEN CIAMIS,BELUM KAWIN,491139,JIWA,2018
562,32,JAWA BARAT,3207,KABUPATEN CIAMIS,CERAI HIDUP,19689,JIWA,2018
563,32,JAWA BARAT,3207,KABUPATEN CIAMIS,CERAI MATI,63132,JIWA,2018
564,32,JAWA BARAT,3207,KABUPATEN CIAMIS,KAWIN,666325,JIWA,2018
565,32,JAWA BARAT,3208,KABUPATEN KUNINGAN,BELUM KAWIN,479273,JIWA,2018
566,32,JAWA BARAT,3208,KABUPATEN KUNINGAN,CERAI HIDUP,16412,JIWA,2018
567,32,JAWA BARAT,3208,KABUPATEN KUNINGAN,CERAI MATI,52027,JIWA,2018
568,32,JAWA BARAT,3208,KABUPATEN KUNINGAN,KAWIN,599804,JIWA,2018
569,32,JAWA BARAT,3209,KABUPATEN CIREBON,BELUM KAWIN,913200,JIWA,2018
570,32,JAWA BARAT,3209,KABUPATEN CIREBON,CERAI HIDUP,37635,JIWA,2018
571,32,JAWA BARAT,3209,KABUPATEN CIREBON,CERAI MATI,89585,JIWA,2018
572,32,JAWA BARAT,3209,KABUPATEN CIREBON,KAWIN,1122156,JIWA,2018
573,32,JAWA BARAT,3210,KABUPATEN MAJALENGKA,BELUM KAWIN,503564,JIWA,2018
574,32,JAWA BARAT,3210,KABUPATEN MAJALENGKA,CERAI HIDUP,27783,JIWA,2018
575,32,JAWA BARAT,3210,KABUPATEN MAJALENGKA,CERAI MATI,53012,JIWA,2018
576,32,JAWA BARAT,3210,KABUPATEN MAJALENGKA,KAWIN,694395,JIWA,2018
577,32,JAWA BARAT,3211,KABUPATEN SUMEDANG,BELUM KAWIN,465193,JIWA,2018
578,32,JAWA BARAT,3211,KABUPATEN SUMEDANG,CERAI HIDUP,21777,JIWA,2018
579,32,JAWA BARAT,3211,KABUPATEN SUMEDANG,CERAI MATI,47555,JIWA,2018
580,32,JAWA BARAT,3211,KABUPATEN SUMEDANG,KAWIN,613673,JIWA,2018
581,32,JAWA BARAT,3212,KABUPATEN INDRAMAYU,BELUM KAWIN,825664,JIWA,2018
582,32,JAWA BARAT,3212,KABUPATEN INDRAMAYU,CERAI HIDUP,27902,JIWA,2018
583,32,JAWA BARAT,3212,KABUPATEN INDRAMAYU,CERAI MATI,77242,JIWA,2018
584,32,JAWA BARAT,3212,KABUPATEN INDRAMAYU,KAWIN,924650,JIWA,2018
585,32,JAWA BARAT,3213,KABUPATEN SUBANG,BELUM KAWIN,642621,JIWA,2018
586,32,JAWA BARAT,3213,KABUPATEN SUBANG,CERAI HIDUP,24352,JIWA,2018
587,32,JAWA BARAT,3213,KABUPATEN SUBANG,CERAI MATI,61044,JIWA,2018
588,32,JAWA BARAT,3213,KABUPATEN SUBANG,KAWIN,835089,JIWA,2018
589,32,JAWA BARAT,3214,KABUPATEN PURWAKARTA,BELUM KAWIN,395076,JIWA,2018
590,32,JAWA BARAT,3214,KABUPATEN PURWAKARTA,CERAI HIDUP,19252,JIWA,2018
591,32,JAWA BARAT,3214,KABUPATEN PURWAKARTA,CERAI MATI,40944,JIWA,2018
592,32,JAWA BARAT,3214,KABUPATEN PURWAKARTA,KAWIN,480942,JIWA,2018
593,32,JAWA BARAT,3215,KABUPATEN KARAWANG,BELUM KAWIN,949363,JIWA,2018
594,32,JAWA BARAT,3215,KABUPATEN KARAWANG,CERAI HIDUP,37079,JIWA,2018
595,32,JAWA BARAT,3215,KABUPATEN KARAWANG,CERAI MATI,85857,JIWA,2018
596,32,JAWA BARAT,3215,KABUPATEN KARAWANG,KAWIN,1199661,JIWA,2018
597,32,JAWA BARAT,3216,KABUPATEN BEKASI,BELUM KAWIN,1146224,JIWA,2018
598,32,JAWA BARAT,3216,KABUPATEN BEKASI,CERAI HIDUP,23623,JIWA,2018
599,32,JAWA BARAT,3216,KABUPATEN BEKASI,CERAI MATI,57982,JIWA,2018
600,32,JAWA BARAT,3216,KABUPATEN BEKASI,KAWIN,1412741,JIWA,2018
601,32,JAWA BARAT,3217,KABUPATEN BANDUNG BARAT,BELUM KAWIN,729241,JIWA,2018
602,32,JAWA BARAT,3217,KABUPATEN BANDUNG BARAT,CERAI HIDUP,33676,JIWA,2018
603,32,JAWA BARAT,3217,KABUPATEN BANDUNG BARAT,CERAI MATI,43135,JIWA,2018
604,32,JAWA BARAT,3217,KABUPATEN BANDUNG BARAT,KAWIN,843759,JIWA,2018
605,32,JAWA BARAT,3218,KABUPATEN PANGANDARAN,BELUM KAWIN,158500,JIWA,2018
606,32,JAWA BARAT,3218,KABUPATEN PANGANDARAN,CERAI HIDUP,7822,JIWA,2018
607,32,JAWA BARAT,3218,KABUPATEN PANGANDARAN,CERAI MATI,21754,JIWA,2018
608,32,JAWA BARAT,3218,KABUPATEN PANGANDARAN,KAWIN,232436,JIWA,2018
609,32,JAWA BARAT,3271,KOTA BOGOR,BELUM KAWIN,487244,JIWA,2018
610,32,JAWA BARAT,3271,KOTA BOGOR,CERAI HIDUP,16067,JIWA,2018
611,32,JAWA BARAT,3271,KOTA BOGOR,CERAI MATI,36035,JIWA,2018
612,32,JAWA BARAT,3271,KOTA BOGOR,KAWIN,489738,JIWA,2018
613,32,JAWA BARAT,3272,KOTA SUKABUMI,BELUM KAWIN,161296,JIWA,2018
614,32,JAWA BARAT,3272,KOTA SUKABUMI,CERAI HIDUP,6964,JIWA,2018
615,32,JAWA BARAT,3272,KOTA SUKABUMI,CERAI MATI,15498,JIWA,2018
616,32,JAWA BARAT,3272,KOTA SUKABUMI,KAWIN,161039,JIWA,2018
617,32,JAWA BARAT,3273,KOTA BANDUNG,BELUM KAWIN,1129553,JIWA,2018
618,32,JAWA BARAT,3273,KOTA BANDUNG,CERAI HIDUP,39122,JIWA,2018
619,32,JAWA BARAT,3273,KOTA BANDUNG,CERAI MATI,93928,JIWA,2018
620,32,JAWA BARAT,3273,KOTA BANDUNG,KAWIN,1189577,JIWA,2018
621,32,JAWA BARAT,3274,KOTA CIREBON,BELUM KAWIN,160925,JIWA,2018
622,32,JAWA BARAT,3274,KOTA CIREBON,CERAI HIDUP,7358,JIWA,2018
623,32,JAWA BARAT,3274,KOTA CIREBON,CERAI MATI,16581,JIWA,2018
624,32,JAWA BARAT,3274,KOTA CIREBON,KAWIN,152722,JIWA,2018
625,32,JAWA BARAT,3275,KOTA BEKASI,BELUM KAWIN,1198209,JIWA,2018
626,32,JAWA BARAT,3275,KOTA BEKASI,CERAI HIDUP,16828,JIWA,2018
627,32,JAWA BARAT,3275,KOTA BEKASI,CERAI MATI,58130,JIWA,2018
628,32,JAWA BARAT,3275,KOTA BEKASI,KAWIN,1163410,JIWA,2018
629,32,JAWA BARAT,3276,KOTA DEPOK,BELUM KAWIN,885028,JIWA,2018
630,32,JAWA BARAT,3276,KOTA DEPOK,CERAI HIDUP,16597,JIWA,2018
631,32,JAWA BARAT,3276,KOTA DEPOK,CERAI MATI,63428,JIWA,2018
632,32,JAWA BARAT,3276,KOTA DEPOK,KAWIN,879879,JIWA,2018
633,32,JAWA BARAT,3277,KOTA CIMAHI,BELUM KAWIN,254653,JIWA,2018
634,32,JAWA BARAT,3277,KOTA CIMAHI,CERAI HIDUP,9295,JIWA,2018
635,32,JAWA BARAT,3277,KOTA CIMAHI,CERAI MATI,19126,JIWA,2018
636,32,JAWA BARAT,3277,KOTA CIMAHI,KAWIN,265299,JIWA,2018
637,32,JAWA BARAT,3278,KOTA TASIKMALAYA,BELUM KAWIN,324823,JIWA,2018
638,32,JAWA BARAT,3278,KOTA TASIKMALAYA,CERAI HIDUP,14048,JIWA,2018
639,32,JAWA BARAT,3278,KOTA TASIKMALAYA,CERAI MATI,30440,JIWA,2018
640,32,JAWA BARAT,3278,KOTA TASIKMALAYA,KAWIN,344229,JIWA,2018
641,32,JAWA BARAT,3279,KOTA BANJAR,BELUM KAWIN,86225,JIWA,2018
642,32,JAWA BARAT,3279,KOTA BANJAR,CERAI HIDUP,6405,JIWA,2018
643,32,JAWA BARAT,3279,KOTA BANJAR,CERAI MATI,11643,JIWA,2018
644,32,JAWA BARAT,3279,KOTA BANJAR,KAWIN,99827,JIWA,2018
645,32,JAWA BARAT,3201,KABUPATEN BOGOR,BELUM KAWIN,2025007,JIWA,2019
646,32,JAWA BARAT,3201,KABUPATEN BOGOR,CERAI HIDUP,58908,JIWA,2019
647,32,JAWA BARAT,3201,KABUPATEN BOGOR,CERAI MATI,150322,JIWA,2019
648,32,JAWA BARAT,3201,KABUPATEN BOGOR,KAWIN,2481687,JIWA,2019
649,32,JAWA BARAT,3202,KABUPATEN SUKABUMI,BELUM KAWIN,1062791,JIWA,2019
650,32,JAWA BARAT,3202,KABUPATEN SUKABUMI,CERAI HIDUP,59599,JIWA,2019
651,32,JAWA BARAT,3202,KABUPATEN SUKABUMI,CERAI MATI,91490,JIWA,2019
652,32,JAWA BARAT,3202,KABUPATEN SUKABUMI,KAWIN,1358010,JIWA,2019
653,32,JAWA BARAT,3203,KABUPATEN CIANJUR,BELUM KAWIN,957364,JIWA,2019
654,32,JAWA BARAT,3203,KABUPATEN CIANJUR,CERAI HIDUP,44139,JIWA,2019
655,32,JAWA BARAT,3203,KABUPATEN CIANJUR,CERAI MATI,81260,JIWA,2019
656,32,JAWA BARAT,3203,KABUPATEN CIANJUR,KAWIN,1209603,JIWA,2019
657,32,JAWA BARAT,3204,KABUPATEN BANDUNG,BELUM KAWIN,1597265,JIWA,2019
658,32,JAWA BARAT,3204,KABUPATEN BANDUNG,CERAI HIDUP,48532,JIWA,2019
659,32,JAWA BARAT,3204,KABUPATEN BANDUNG,CERAI MATI,109634,JIWA,2019
660,32,JAWA BARAT,3204,KABUPATEN BANDUNG,KAWIN,1806248,JIWA,2019
661,32,JAWA BARAT,3205,KABUPATEN GARUT,BELUM KAWIN,981449,JIWA,2019
662,32,JAWA BARAT,3205,KABUPATEN GARUT,CERAI HIDUP,35641,JIWA,2019
663,32,JAWA BARAT,3205,KABUPATEN GARUT,CERAI MATI,82535,JIWA,2019
664,32,JAWA BARAT,3205,KABUPATEN GARUT,KAWIN,1184793,JIWA,2019
665,32,JAWA BARAT,3206,KABUPATEN TASIKMALAYA,BELUM KAWIN,715087,JIWA,2019
666,32,JAWA BARAT,3206,KABUPATEN TASIKMALAYA,CERAI HIDUP,38856,JIWA,2019
667,32,JAWA BARAT,3206,KABUPATEN TASIKMALAYA,CERAI MATI,80047,JIWA,2019
668,32,JAWA BARAT,3206,KABUPATEN TASIKMALAYA,KAWIN,962506,JIWA,2019
669,32,JAWA BARAT,3207,KABUPATEN CIAMIS,BELUM KAWIN,492170,JIWA,2019
670,32,JAWA BARAT,3207,KABUPATEN CIAMIS,CERAI HIDUP,22067,JIWA,2019
671,32,JAWA BARAT,3207,KABUPATEN CIAMIS,CERAI MATI,68472,JIWA,2019
672,32,JAWA BARAT,3207,KABUPATEN CIAMIS,KAWIN,670774,JIWA,2019
673,32,JAWA BARAT,3208,KABUPATEN KUNINGAN,BELUM KAWIN,487774,JIWA,2019
674,32,JAWA BARAT,3208,KABUPATEN KUNINGAN,CERAI HIDUP,17739,JIWA,2019
675,32,JAWA BARAT,3208,KABUPATEN KUNINGAN,CERAI MATI,54985,JIWA,2019
676,32,JAWA BARAT,3208,KABUPATEN KUNINGAN,KAWIN,610444,JIWA,2019
677,32,JAWA BARAT,3209,KABUPATEN CIREBON,BELUM KAWIN,890047,JIWA,2019
678,32,JAWA BARAT,3209,KABUPATEN CIREBON,CERAI HIDUP,42807,JIWA,2019
679,32,JAWA BARAT,3209,KABUPATEN CIREBON,CERAI MATI,97943,JIWA,2019
680,32,JAWA BARAT,3209,KABUPATEN CIREBON,KAWIN,1158988,JIWA,2019
681,32,JAWA BARAT,3210,KABUPATEN MAJALENGKA,BELUM KAWIN,507769,JIWA,2019
682,32,JAWA BARAT,3210,KABUPATEN MAJALENGKA,CERAI HIDUP,31702,JIWA,2019
683,32,JAWA BARAT,3210,KABUPATEN MAJALENGKA,CERAI MATI,58185,JIWA,2019
684,32,JAWA BARAT,3210,KABUPATEN MAJALENGKA,KAWIN,710339,JIWA,2019
685,32,JAWA BARAT,3211,KABUPATEN SUMEDANG,BELUM KAWIN,454793,JIWA,2019
686,32,JAWA BARAT,3211,KABUPATEN SUMEDANG,CERAI HIDUP,23091,JIWA,2019
687,32,JAWA BARAT,3211,KABUPATEN SUMEDANG,CERAI MATI,49465,JIWA,2019
688,32,JAWA BARAT,3211,KABUPATEN SUMEDANG,KAWIN,627109,JIWA,2019
689,32,JAWA BARAT,3212,KABUPATEN INDRAMAYU,BELUM KAWIN,808435,JIWA,2019
690,32,JAWA BARAT,3212,KABUPATEN INDRAMAYU,CERAI HIDUP,33688,JIWA,2019
691,32,JAWA BARAT,3212,KABUPATEN INDRAMAYU,CERAI MATI,81192,JIWA,2019
692,32,JAWA BARAT,3212,KABUPATEN INDRAMAYU,KAWIN,937954,JIWA,2019
693,32,JAWA BARAT,3213,KABUPATEN SUBANG,BELUM KAWIN,628913,JIWA,2019
694,32,JAWA BARAT,3213,KABUPATEN SUBANG,CERAI HIDUP,25259,JIWA,2019
695,32,JAWA BARAT,3213,KABUPATEN SUBANG,CERAI MATI,65119,JIWA,2019
696,32,JAWA BARAT,3213,KABUPATEN SUBANG,KAWIN,854415,JIWA,2019
697,32,JAWA BARAT,3214,KABUPATEN PURWAKARTA,BELUM KAWIN,393696,JIWA,2019
698,32,JAWA BARAT,3214,KABUPATEN PURWAKARTA,CERAI HIDUP,19521,JIWA,2019
699,32,JAWA BARAT,3214,KABUPATEN PURWAKARTA,CERAI MATI,43366,JIWA,2019
700,32,JAWA BARAT,3214,KABUPATEN PURWAKARTA,KAWIN,493483,JIWA,2019
701,32,JAWA BARAT,3215,KABUPATEN KARAWANG,BELUM KAWIN,952622,JIWA,2019
702,32,JAWA BARAT,3215,KABUPATEN KARAWANG,CERAI HIDUP,40136,JIWA,2019
703,32,JAWA BARAT,3215,KABUPATEN KARAWANG,CERAI MATI,92264,JIWA,2019
704,32,JAWA BARAT,3215,KABUPATEN KARAWANG,KAWIN,1238716,JIWA,2019
705,32,JAWA BARAT,3216,KABUPATEN BEKASI,BELUM KAWIN,1108485,JIWA,2019
706,32,JAWA BARAT,3216,KABUPATEN BEKASI,CERAI HIDUP,25899,JIWA,2019
707,32,JAWA BARAT,3216,KABUPATEN BEKASI,CERAI MATI,63355,JIWA,2019
708,32,JAWA BARAT,3216,KABUPATEN BEKASI,KAWIN,1477122,JIWA,2019
709,32,JAWA BARAT,3217,KABUPATEN BANDUNG BARAT,BELUM KAWIN,708428,JIWA,2019
710,32,JAWA BARAT,3217,KABUPATEN BANDUNG BARAT,CERAI HIDUP,35744,JIWA,2019
711,32,JAWA BARAT,3217,KABUPATEN BANDUNG BARAT,CERAI MATI,47776,JIWA,2019
712,32,JAWA BARAT,3217,KABUPATEN BANDUNG BARAT,KAWIN,875776,JIWA,2019
713,32,JAWA BARAT,3218,KABUPATEN PANGANDARAN,BELUM KAWIN,156826,JIWA,2019
714,32,JAWA BARAT,3218,KABUPATEN PANGANDARAN,CERAI HIDUP,8665,JIWA,2019
715,32,JAWA BARAT,3218,KABUPATEN PANGANDARAN,CERAI MATI,23017,JIWA,2019
716,32,JAWA BARAT,3218,KABUPATEN PANGANDARAN,KAWIN,236278,JIWA,2019
717,32,JAWA BARAT,3271,KOTA BOGOR,BELUM KAWIN,490840,JIWA,2019
718,32,JAWA BARAT,3271,KOTA BOGOR,CERAI HIDUP,16987,JIWA,2019
719,32,JAWA BARAT,3271,KOTA BOGOR,CERAI MATI,38969,JIWA,2019
720,32,JAWA BARAT,3271,KOTA BOGOR,KAWIN,501609,JIWA,2019
721,32,JAWA BARAT,3272,KOTA SUKABUMI,BELUM KAWIN,160248,JIWA,2019
722,32,JAWA BARAT,3272,KOTA SUKABUMI,CERAI HIDUP,7278,JIWA,2019
723,32,JAWA BARAT,3272,KOTA SUKABUMI,CERAI MATI,16427,JIWA,2019
724,32,JAWA BARAT,3272,KOTA SUKABUMI,KAWIN,164992,JIWA,2019
725,32,JAWA BARAT,3273,KOTA BANDUNG,BELUM KAWIN,1123706,JIWA,2019
726,32,JAWA BARAT,3273,KOTA BANDUNG,CERAI HIDUP,43657,JIWA,2019
727,32,JAWA BARAT,3273,KOTA BANDUNG,CERAI MATI,97651,JIWA,2019
728,32,JAWA BARAT,3273,KOTA BANDUNG,KAWIN,1215450,JIWA,2019
729,32,JAWA BARAT,3274,KOTA CIREBON,BELUM KAWIN,160022,JIWA,2019
730,32,JAWA BARAT,3274,KOTA CIREBON,CERAI HIDUP,8257,JIWA,2019
731,32,JAWA BARAT,3274,KOTA CIREBON,CERAI MATI,17333,JIWA,2019
732,32,JAWA BARAT,3274,KOTA CIREBON,KAWIN,154758,JIWA,2019
733,32,JAWA BARAT,3275,KOTA BEKASI,BELUM KAWIN,1186313,JIWA,2019
734,32,JAWA BARAT,3275,KOTA BEKASI,CERAI HIDUP,19283,JIWA,2019
735,32,JAWA BARAT,3275,KOTA BEKASI,CERAI MATI,60186,JIWA,2019
736,32,JAWA BARAT,3275,KOTA BEKASI,KAWIN,1183048,JIWA,2019
737,32,JAWA BARAT,3276,KOTA DEPOK,BELUM KAWIN,882956,JIWA,2019
738,32,JAWA BARAT,3276,KOTA DEPOK,CERAI HIDUP,19303,JIWA,2019
739,32,JAWA BARAT,3276,KOTA DEPOK,CERAI MATI,68534,JIWA,2019
740,32,JAWA BARAT,3276,KOTA DEPOK,KAWIN,886941,JIWA,2019
741,32,JAWA BARAT,3277,KOTA CIMAHI,BELUM KAWIN,249839,JIWA,2019
742,32,JAWA BARAT,3277,KOTA CIMAHI,CERAI HIDUP,10799,JIWA,2019
743,32,JAWA BARAT,3277,KOTA CIMAHI,CERAI MATI,20786,JIWA,2019
744,32,JAWA BARAT,3277,KOTA CIMAHI,KAWIN,272331,JIWA,2019
745,32,JAWA BARAT,3278,KOTA TASIKMALAYA,BELUM KAWIN,315223,JIWA,2019
746,32,JAWA BARAT,3278,KOTA TASIKMALAYA,CERAI HIDUP,15657,JIWA,2019
747,32,JAWA BARAT,3278,KOTA TASIKMALAYA,CERAI MATI,34228,JIWA,2019
748,32,JAWA BARAT,3278,KOTA TASIKMALAYA,KAWIN,354774,JIWA,2019
749,32,JAWA BARAT,3279,KOTA BANJAR,BELUM KAWIN,86556,JIWA,2019
750,32,JAWA BARAT,3279,KOTA BANJAR,CERAI HIDUP,6829,JIWA,2019
751,32,JAWA BARAT,3279,KOTA BANJAR,CERAI MATI,12140,JIWA,2019
752,32,JAWA BARAT,3279,KOTA BANJAR,KAWIN,100101,JIWA,2019
753,32,JAWA BARAT,3201,KABUPATEN BOGOR,BELUM KAWIN,2427673,JIWA,2020
754,32,JAWA BARAT,3201,KABUPATEN BOGOR,CERAI HIDUP,59081,JIWA,2020
755,32,JAWA BARAT,3201,KABUPATEN BOGOR,CERAI MATI,153576,JIWA,2020
756,32,JAWA BARAT,3201,KABUPATEN BOGOR,KAWIN,2492025,JIWA,2020
757,32,JAWA BARAT,3202,KABUPATEN SUKABUMI,BELUM KAWIN,1149878,JIWA,2020
758,32,JAWA BARAT,3202,KABUPATEN SUKABUMI,CERAI HIDUP,58727,JIWA,2020
759,32,JAWA BARAT,3202,KABUPATEN SUKABUMI,CERAI MATI,84769,JIWA,2020
760,32,JAWA BARAT,3202,KABUPATEN SUKABUMI,KAWIN,1333388,JIWA,2020
761,32,JAWA BARAT,3203,KABUPATEN CIANJUR,BELUM KAWIN,1066956,JIWA,2020
762,32,JAWA BARAT,3203,KABUPATEN CIANJUR,CERAI HIDUP,43146,JIWA,2020
763,32,JAWA BARAT,3203,KABUPATEN CIANJUR,CERAI MATI,74449,JIWA,2020
764,32,JAWA BARAT,3203,KABUPATEN CIANJUR,KAWIN,1184062,JIWA,2020
765,32,JAWA BARAT,3204,KABUPATEN BANDUNG,BELUM KAWIN,1632119,JIWA,2020
766,32,JAWA BARAT,3204,KABUPATEN BANDUNG,CERAI HIDUP,49598,JIWA,2020
767,32,JAWA BARAT,3204,KABUPATEN BANDUNG,CERAI MATI,106609,JIWA,2020
768,32,JAWA BARAT,3204,KABUPATEN BANDUNG,KAWIN,1794730,JIWA,2020
769,32,JAWA BARAT,3205,KABUPATEN GARUT,BELUM KAWIN,1160426,JIWA,2020
770,32,JAWA BARAT,3205,KABUPATEN GARUT,CERAI HIDUP,38485,JIWA,2020
771,32,JAWA BARAT,3205,KABUPATEN GARUT,CERAI MATI,86867,JIWA,2020
772,32,JAWA BARAT,3205,KABUPATEN GARUT,KAWIN,1228737,JIWA,2020
773,32,JAWA BARAT,3206,KABUPATEN TASIKMALAYA,BELUM KAWIN,766841,JIWA,2020
774,32,JAWA BARAT,3206,KABUPATEN TASIKMALAYA,CERAI HIDUP,36929,JIWA,2020
775,32,JAWA BARAT,3206,KABUPATEN TASIKMALAYA,CERAI MATI,76936,JIWA,2020
776,32,JAWA BARAT,3206,KABUPATEN TASIKMALAYA,KAWIN,923094,JIWA,2020
777,32,JAWA BARAT,3207,KABUPATEN CIAMIS,BELUM KAWIN,513215,JIWA,2020
778,32,JAWA BARAT,3207,KABUPATEN CIAMIS,CERAI HIDUP,23057,JIWA,2020
779,32,JAWA BARAT,3207,KABUPATEN CIAMIS,CERAI MATI,61983,JIWA,2020
780,32,JAWA BARAT,3207,KABUPATEN CIAMIS,KAWIN,661729,JIWA,2020
781,32,JAWA BARAT,3208,KABUPATEN KUNINGAN,BELUM KAWIN,510967,JIWA,2020
782,32,JAWA BARAT,3208,KABUPATEN KUNINGAN,CERAI HIDUP,18871,JIWA,2020
783,32,JAWA BARAT,3208,KABUPATEN KUNINGAN,CERAI MATI,52965,JIWA,2020
784,32,JAWA BARAT,3208,KABUPATEN KUNINGAN,KAWIN,600937,JIWA,2020
785,32,JAWA BARAT,3209,KABUPATEN CIREBON,BELUM KAWIN,1014080,JIWA,2020
786,32,JAWA BARAT,3209,KABUPATEN CIREBON,CERAI HIDUP,45653,JIWA,2020
787,32,JAWA BARAT,3209,KABUPATEN CIREBON,CERAI MATI,92552,JIWA,2020
788,32,JAWA BARAT,3209,KABUPATEN CIREBON,KAWIN,1144714,JIWA,2020
789,32,JAWA BARAT,3210,KABUPATEN MAJALENGKA,BELUM KAWIN,550817,JIWA,2020
790,32,JAWA BARAT,3210,KABUPATEN MAJALENGKA,CERAI HIDUP,30860,JIWA,2020
791,32,JAWA BARAT,3210,KABUPATEN MAJALENGKA,CERAI MATI,49899,JIWA,2020
792,32,JAWA BARAT,3210,KABUPATEN MAJALENGKA,KAWIN,683696,JIWA,2020
793,32,JAWA BARAT,3211,KABUPATEN SUMEDANG,BELUM KAWIN,464974,JIWA,2020
794,32,JAWA BARAT,3211,KABUPATEN SUMEDANG,CERAI HIDUP,23792,JIWA,2020
795,32,JAWA BARAT,3211,KABUPATEN SUMEDANG,CERAI MATI,45739,JIWA,2020
796,32,JAWA BARAT,3211,KABUPATEN SUMEDANG,KAWIN,624949,JIWA,2020
797,32,JAWA BARAT,3212,KABUPATEN INDRAMAYU,BELUM KAWIN,819224,JIWA,2020
798,32,JAWA BARAT,3212,KABUPATEN INDRAMAYU,CERAI HIDUP,37998,JIWA,2020
799,32,JAWA BARAT,3212,KABUPATEN INDRAMAYU,CERAI MATI,81298,JIWA,2020
800,32,JAWA BARAT,3212,KABUPATEN INDRAMAYU,KAWIN,932629,JIWA,2020
801,32,JAWA BARAT,3213,KABUPATEN SUBANG,BELUM KAWIN,664737,JIWA,2020
802,32,JAWA BARAT,3213,KABUPATEN SUBANG,CERAI HIDUP,24619,JIWA,2020
803,32,JAWA BARAT,3213,KABUPATEN SUBANG,CERAI MATI,59160,JIWA,2020
804,32,JAWA BARAT,3213,KABUPATEN SUBANG,KAWIN,835419,JIWA,2020
805,32,JAWA BARAT,3214,KABUPATEN PURWAKARTA,BELUM KAWIN,428953,JIWA,2020
806,32,JAWA BARAT,3214,KABUPATEN PURWAKARTA,CERAI HIDUP,19408,JIWA,2020
807,32,JAWA BARAT,3214,KABUPATEN PURWAKARTA,CERAI MATI,38650,JIWA,2020
808,32,JAWA BARAT,3214,KABUPATEN PURWAKARTA,KAWIN,487293,JIWA,2020
809,32,JAWA BARAT,3215,KABUPATEN KARAWANG,BELUM KAWIN,1017152,JIWA,2020
810,32,JAWA BARAT,3215,KABUPATEN KARAWANG,CERAI HIDUP,42186,JIWA,2020
811,32,JAWA BARAT,3215,KABUPATEN KARAWANG,CERAI MATI,86159,JIWA,2020
812,32,JAWA BARAT,3215,KABUPATEN KARAWANG,KAWIN,1215522,JIWA,2020
813,32,JAWA BARAT,3216,KABUPATEN BEKASI,BELUM KAWIN,1304299,JIWA,2020
814,32,JAWA BARAT,3216,KABUPATEN BEKASI,CERAI HIDUP,27048,JIWA,2020
815,32,JAWA BARAT,3216,KABUPATEN BEKASI,CERAI MATI,62630,JIWA,2020
816,32,JAWA BARAT,3216,KABUPATEN BEKASI,KAWIN,1486303,JIWA,2020
817,32,JAWA BARAT,3217,KABUPATEN BANDUNG BARAT,BELUM KAWIN,757613,JIWA,2020
818,32,JAWA BARAT,3217,KABUPATEN BANDUNG BARAT,CERAI HIDUP,35510,JIWA,2020
819,32,JAWA BARAT,3217,KABUPATEN BANDUNG BARAT,CERAI MATI,47686,JIWA,2020
820,32,JAWA BARAT,3217,KABUPATEN BANDUNG BARAT,KAWIN,871539,JIWA,2020
821,32,JAWA BARAT,3218,KABUPATEN PANGANDARAN,BELUM KAWIN,163480,JIWA,2020
822,32,JAWA BARAT,3218,KABUPATEN PANGANDARAN,CERAI HIDUP,9129,JIWA,2020
823,32,JAWA BARAT,3218,KABUPATEN PANGANDARAN,CERAI MATI,21058,JIWA,2020
824,32,JAWA BARAT,3218,KABUPATEN PANGANDARAN,KAWIN,234575,JIWA,2020
825,32,JAWA BARAT,3271,KOTA BOGOR,BELUM KAWIN,508062,JIWA,2020
826,32,JAWA BARAT,3271,KOTA BOGOR,CERAI HIDUP,16891,JIWA,2020
827,32,JAWA BARAT,3271,KOTA BOGOR,CERAI MATI,38577,JIWA,2020
828,32,JAWA BARAT,3271,KOTA BOGOR,KAWIN,501168,JIWA,2020
829,32,JAWA BARAT,3272,KOTA SUKABUMI,BELUM KAWIN,164020,JIWA,2020
830,32,JAWA BARAT,3272,KOTA SUKABUMI,CERAI HIDUP,7443,JIWA,2020
831,32,JAWA BARAT,3272,KOTA SUKABUMI,CERAI MATI,15541,JIWA,2020
832,32,JAWA BARAT,3272,KOTA SUKABUMI,KAWIN,164455,JIWA,2020
833,32,JAWA BARAT,3273,KOTA BANDUNG,BELUM KAWIN,1154654,JIWA,2020
834,32,JAWA BARAT,3273,KOTA BANDUNG,CERAI HIDUP,47315,JIWA,2020
835,32,JAWA BARAT,3273,KOTA BANDUNG,CERAI MATI,91327,JIWA,2020
836,32,JAWA BARAT,3273,KOTA BANDUNG,KAWIN,1207671,JIWA,2020
837,32,JAWA BARAT,3274,KOTA CIREBON,BELUM KAWIN,163221,JIWA,2020
838,32,JAWA BARAT,3274,KOTA CIREBON,CERAI HIDUP,8804,JIWA,2020
839,32,JAWA BARAT,3274,KOTA CIREBON,CERAI MATI,16571,JIWA,2020
840,32,JAWA BARAT,3274,KOTA CIREBON,KAWIN,154407,JIWA,2020
841,32,JAWA BARAT,3275,KOTA BEKASI,BELUM KAWIN,1193828,JIWA,2020
842,32,JAWA BARAT,3275,KOTA BEKASI,CERAI HIDUP,21809,JIWA,2020
843,32,JAWA BARAT,3275,KOTA BEKASI,CERAI MATI,61333,JIWA,2020
844,32,JAWA BARAT,3275,KOTA BEKASI,KAWIN,1187749,JIWA,2020
845,32,JAWA BARAT,3276,KOTA DEPOK,BELUM KAWIN,894077,JIWA,2020
846,32,JAWA BARAT,3276,KOTA DEPOK,CERAI HIDUP,21879,JIWA,2020
847,32,JAWA BARAT,3276,KOTA DEPOK,CERAI MATI,68493,JIWA,2020
848,32,JAWA BARAT,3276,KOTA DEPOK,KAWIN,888547,JIWA,2020
849,32,JAWA BARAT,3277,KOTA CIMAHI,BELUM KAWIN,254162,JIWA,2020
850,32,JAWA BARAT,3277,KOTA CIMAHI,CERAI HIDUP,11468,JIWA,2020
851,32,JAWA BARAT,3277,KOTA CIMAHI,CERAI MATI,19928,JIWA,2020
852,32,JAWA BARAT,3277,KOTA CIMAHI,KAWIN,272353,JIWA,2020
853,32,JAWA BARAT,3278,KOTA TASIKMALAYA,BELUM KAWIN,329412,JIWA,2020
854,32,JAWA BARAT,3278,KOTA TASIKMALAYA,CERAI HIDUP,16840,JIWA,2020
855,32,JAWA BARAT,3278,KOTA TASIKMALAYA,CERAI MATI,31195,JIWA,2020
856,32,JAWA BARAT,3278,KOTA TASIKMALAYA,KAWIN,348114,JIWA,2020
857,32,JAWA BARAT,3279,KOTA BANJAR,BELUM KAWIN,87393,JIWA,2020
858,32,JAWA BARAT,3279,KOTA BANJAR,CERAI HIDUP,7195,JIWA,2020
859,32,JAWA BARAT,3279,KOTA BANJAR,CERAI MATI,11165,JIWA,2020
860,32,JAWA BARAT,3279,KOTA BANJAR,KAWIN,99729,JIWA,2020
861,32,JAWA BARAT,3201,KABUPATEN BOGOR,BELUM KAWIN,2532123,JIWA,2021
862,32,JAWA BARAT,3201,KABUPATEN BOGOR,CERAI HIDUP,63731,JIWA,2021
863,32,JAWA BARAT,3201,KABUPATEN BOGOR,CERAI MATI,171184,JIWA,2021
864,32,JAWA BARAT,3201,KABUPATEN BOGOR,KAWIN,2560093,JIWA,2021
865,32,JAWA BARAT,3202,KABUPATEN SUKABUMI,BELUM KAWIN,1177213,JIWA,2021
866,32,JAWA BARAT,3202,KABUPATEN SUKABUMI,CERAI HIDUP,61537,JIWA,2021
867,32,JAWA BARAT,3202,KABUPATEN SUKABUMI,CERAI MATI,93627,JIWA,2021
868,32,JAWA BARAT,3202,KABUPATEN SUKABUMI,KAWIN,1376589,JIWA,2021
869,32,JAWA BARAT,3203,KABUPATEN CIANJUR,BELUM KAWIN,1088822,JIWA,2021
870,32,JAWA BARAT,3203,KABUPATEN CIANJUR,CERAI HIDUP,45035,JIWA,2021
871,32,JAWA BARAT,3203,KABUPATEN CIANJUR,CERAI MATI,78438,JIWA,2021
872,32,JAWA BARAT,3203,KABUPATEN CIANJUR,KAWIN,1225543,JIWA,2021
873,32,JAWA BARAT,3204,KABUPATEN BANDUNG,BELUM KAWIN,1630824,JIWA,2021
874,32,JAWA BARAT,3204,KABUPATEN BANDUNG,CERAI HIDUP,54154,JIWA,2021
875,32,JAWA BARAT,3204,KABUPATEN BANDUNG,CERAI MATI,116833,JIWA,2021
876,32,JAWA BARAT,3204,KABUPATEN BANDUNG,KAWIN,1831626,JIWA,2021
877,32,JAWA BARAT,3205,KABUPATEN GARUT,BELUM KAWIN,1205982,JIWA,2021
878,32,JAWA BARAT,3205,KABUPATEN GARUT,CERAI HIDUP,42941,JIWA,2021
879,32,JAWA BARAT,3205,KABUPATEN GARUT,CERAI MATI,99429,JIWA,2021
880,32,JAWA BARAT,3205,KABUPATEN GARUT,KAWIN,1280373,JIWA,2021
881,32,JAWA BARAT,3206,KABUPATEN TASIKMALAYA,BELUM KAWIN,777819,JIWA,2021
882,32,JAWA BARAT,3206,KABUPATEN TASIKMALAYA,CERAI HIDUP,40634,JIWA,2021
883,32,JAWA BARAT,3206,KABUPATEN TASIKMALAYA,CERAI MATI,87528,JIWA,2021
884,32,JAWA BARAT,3206,KABUPATEN TASIKMALAYA,KAWIN,959917,JIWA,2021
885,32,JAWA BARAT,3207,KABUPATEN CIAMIS,BELUM KAWIN,512485,JIWA,2021
886,32,JAWA BARAT,3207,KABUPATEN CIAMIS,CERAI HIDUP,24939,JIWA,2021
887,32,JAWA BARAT,3207,KABUPATEN CIAMIS,CERAI MATI,64252,JIWA,2021
888,32,JAWA BARAT,3207,KABUPATEN CIAMIS,KAWIN,661522,JIWA,2021
889,32,JAWA BARAT,3208,KABUPATEN KUNINGAN,BELUM KAWIN,513544,JIWA,2021
890,32,JAWA BARAT,3208,KABUPATEN KUNINGAN,CERAI HIDUP,21052,JIWA,2021
891,32,JAWA BARAT,3208,KABUPATEN KUNINGAN,CERAI MATI,57159,JIWA,2021
892,32,JAWA BARAT,3208,KABUPATEN KUNINGAN,KAWIN,607059,JIWA,2021
893,32,JAWA BARAT,3209,KABUPATEN CIREBON,BELUM KAWIN,1043991,JIWA,2021
894,32,JAWA BARAT,3209,KABUPATEN CIREBON,CERAI HIDUP,51020,JIWA,2021
895,32,JAWA BARAT,3209,KABUPATEN CIREBON,CERAI MATI,104567,JIWA,2021
896,32,JAWA BARAT,3209,KABUPATEN CIREBON,KAWIN,1165470,JIWA,2021
897,32,JAWA BARAT,3210,KABUPATEN MAJALENGKA,BELUM KAWIN,535847,JIWA,2021
898,32,JAWA BARAT,3210,KABUPATEN MAJALENGKA,CERAI HIDUP,36262,JIWA,2021
899,32,JAWA BARAT,3210,KABUPATEN MAJALENGKA,CERAI MATI,61773,JIWA,2021
900,32,JAWA BARAT,3210,KABUPATEN MAJALENGKA,KAWIN,689972,JIWA,2021
901,32,JAWA BARAT,3211,KABUPATEN SUMEDANG,BELUM KAWIN,461757,JIWA,2021
902,32,JAWA BARAT,3211,KABUPATEN SUMEDANG,CERAI HIDUP,25768,JIWA,2021
903,32,JAWA BARAT,3211,KABUPATEN SUMEDANG,CERAI MATI,47985,JIWA,2021
904,32,JAWA BARAT,3211,KABUPATEN SUMEDANG,KAWIN,629537,JIWA,2021
905,32,JAWA BARAT,3212,KABUPATEN INDRAMAYU,BELUM KAWIN,807331,JIWA,2021
906,32,JAWA BARAT,3212,KABUPATEN INDRAMAYU,CERAI HIDUP,42887,JIWA,2021
907,32,JAWA BARAT,3212,KABUPATEN INDRAMAYU,CERAI MATI,89643,JIWA,2021
908,32,JAWA BARAT,3212,KABUPATEN INDRAMAYU,KAWIN,945311,JIWA,2021
909,32,JAWA BARAT,3213,KABUPATEN SUBANG,BELUM KAWIN,655725,JIWA,2021
910,32,JAWA BARAT,3213,KABUPATEN SUBANG,CERAI HIDUP,27469,JIWA,2021
911,32,JAWA BARAT,3213,KABUPATEN SUBANG,CERAI MATI,63946,JIWA,2021
912,32,JAWA BARAT,3213,KABUPATEN SUBANG,KAWIN,849039,JIWA,2021
913,32,JAWA BARAT,3214,KABUPATEN PURWAKARTA,BELUM KAWIN,442931,JIWA,2021
914,32,JAWA BARAT,3214,KABUPATEN PURWAKARTA,CERAI HIDUP,20399,JIWA,2021
915,32,JAWA BARAT,3214,KABUPATEN PURWAKARTA,CERAI MATI,41972,JIWA,2021
916,32,JAWA BARAT,3214,KABUPATEN PURWAKARTA,KAWIN,496036,JIWA,2021
917,32,JAWA BARAT,3215,KABUPATEN KARAWANG,BELUM KAWIN,1017808,JIWA,2021
918,32,JAWA BARAT,3215,KABUPATEN KARAWANG,CERAI HIDUP,47499,JIWA,2021
919,32,JAWA BARAT,3215,KABUPATEN KARAWANG,CERAI MATI,96738,JIWA,2021
920,32,JAWA BARAT,3215,KABUPATEN KARAWANG,KAWIN,1244850,JIWA,2021
921,32,JAWA BARAT,3216,KABUPATEN BEKASI,BELUM KAWIN,1384777,JIWA,2021
922,32,JAWA BARAT,3216,KABUPATEN BEKASI,CERAI HIDUP,30260,JIWA,2021
923,32,JAWA BARAT,3216,KABUPATEN BEKASI,CERAI MATI,70291,JIWA,2021
924,32,JAWA BARAT,3216,KABUPATEN BEKASI,KAWIN,1537459,JIWA,2021
925,32,JAWA BARAT,3217,KABUPATEN BANDUNG BARAT,BELUM KAWIN,780269,JIWA,2021
926,32,JAWA BARAT,3217,KABUPATEN BANDUNG BARAT,CERAI HIDUP,39194,JIWA,2021
927,32,JAWA BARAT,3217,KABUPATEN BANDUNG BARAT,CERAI MATI,56336,JIWA,2021
928,32,JAWA BARAT,3217,KABUPATEN BANDUNG BARAT,KAWIN,904968,JIWA,2021
929,32,JAWA BARAT,3218,KABUPATEN PANGANDARAN,BELUM KAWIN,163948,JIWA,2021
930,32,JAWA BARAT,3218,KABUPATEN PANGANDARAN,CERAI HIDUP,9761,JIWA,2021
931,32,JAWA BARAT,3218,KABUPATEN PANGANDARAN,CERAI MATI,22180,JIWA,2021
932,32,JAWA BARAT,3218,KABUPATEN PANGANDARAN,KAWIN,236710,JIWA,2021
933,32,JAWA BARAT,3271,KOTA BOGOR,BELUM KAWIN,518855,JIWA,2021
934,32,JAWA BARAT,3271,KOTA BOGOR,CERAI HIDUP,18666,JIWA,2021
935,32,JAWA BARAT,3271,KOTA BOGOR,CERAI MATI,43756,JIWA,2021
936,32,JAWA BARAT,3271,KOTA BOGOR,KAWIN,510119,JIWA,2021
937,32,JAWA BARAT,3272,KOTA SUKABUMI,BELUM KAWIN,164383,JIWA,2021
938,32,JAWA BARAT,3272,KOTA SUKABUMI,CERAI HIDUP,7903,JIWA,2021
939,32,JAWA BARAT,3272,KOTA SUKABUMI,CERAI MATI,16419,JIWA,2021
940,32,JAWA BARAT,3272,KOTA SUKABUMI,KAWIN,164926,JIWA,2021
941,32,JAWA BARAT,3273,KOTA BANDUNG,BELUM KAWIN,1157471,JIWA,2021
942,32,JAWA BARAT,3273,KOTA BANDUNG,CERAI HIDUP,53609,JIWA,2021
943,32,JAWA BARAT,3273,KOTA BANDUNG,CERAI MATI,99238,JIWA,2021
944,32,JAWA BARAT,3273,KOTA BANDUNG,KAWIN,1217536,JIWA,2021
945,32,JAWA BARAT,3274,KOTA CIREBON,BELUM KAWIN,163509,JIWA,2021
946,32,JAWA BARAT,3274,KOTA CIREBON,CERAI HIDUP,9758,JIWA,2021
947,32,JAWA BARAT,3274,KOTA CIREBON,CERAI MATI,17725,JIWA,2021
948,32,JAWA BARAT,3274,KOTA CIREBON,KAWIN,152675,JIWA,2021
949,32,JAWA BARAT,3275,KOTA BEKASI,BELUM KAWIN,1183345,JIWA,2021
950,32,JAWA BARAT,3275,KOTA BEKASI,CERAI HIDUP,24797,JIWA,2021
951,32,JAWA BARAT,3275,KOTA BEKASI,CERAI MATI,68514,JIWA,2021
952,32,JAWA BARAT,3275,KOTA BEKASI,KAWIN,1191792,JIWA,2021
953,32,JAWA BARAT,3276,KOTA DEPOK,BELUM KAWIN,902047,JIWA,2021
954,32,JAWA BARAT,3276,KOTA DEPOK,CERAI HIDUP,24922,JIWA,2021
955,32,JAWA BARAT,3276,KOTA DEPOK,CERAI MATI,76793,JIWA,2021
956,32,JAWA BARAT,3276,KOTA DEPOK,KAWIN,889559,JIWA,2021
957,32,JAWA BARAT,3277,KOTA CIMAHI,BELUM KAWIN,255411,JIWA,2021
958,32,JAWA BARAT,3277,KOTA CIMAHI,CERAI HIDUP,12190,JIWA,2021
959,32,JAWA BARAT,3277,KOTA CIMAHI,CERAI MATI,20748,JIWA,2021
960,32,JAWA BARAT,3277,KOTA CIMAHI,KAWIN,272397,JIWA,2021
961,32,JAWA BARAT,3278,KOTA TASIKMALAYA,BELUM KAWIN,329124,JIWA,2021
962,32,JAWA BARAT,3278,KOTA TASIKMALAYA,CERAI HIDUP,18524,JIWA,2021
963,32,JAWA BARAT,3278,KOTA TASIKMALAYA,CERAI MATI,33430,JIWA,2021
964,32,JAWA BARAT,3278,KOTA TASIKMALAYA,KAWIN,350528,JIWA,2021
965,32,JAWA BARAT,3279,KOTA BANJAR,BELUM KAWIN,86635,JIWA,2021
966,32,JAWA BARAT,3279,KOTA BANJAR,CERAI HIDUP,7697,JIWA,2021
967,32,JAWA BARAT,3279,KOTA BANJAR,CERAI MATI,11719,JIWA,2021
968,32,JAWA BARAT,3279,KOTA BANJAR,KAWIN,99681,JIWA,2021
